element_id,folio,panel_id,zodiac_role,ordinal_provisional,x_native_r1,y_native_r1,x_native_r2,y_native_r2,measurement_delta_px,ring_index,orientation_deg,visual_marker_class,color_class,label_present,connection_class,audit_status,source_sha256,source_file,object_geometry_type,notes
f70v2-E01,70v2,f70v2,Pisces,1,,,,,,,,,,,,UNMEASURED,,,POINT_CENTROID,
f70v2-E02,70v2,f70v2,Pisces,2,,,,,,,,,,,,UNMEASURED,,,POINT_CENTROID,
f70v2-E03,70v2,f70v2,Pisces,3,,,,,,,,,,,,UNMEASURED,,,POINT_CENTROID,
f70v2-E04,70v2,f70v2,Pisces,4,,,,,,,,,,,,UNMEASURED,,,POINT_CENTROID,
f70v2-E05,70v2,f70v2,Pisces,5,,,,,,,,,,,,UNMEASURED,,,POINT_CENTROID,
f70v2-E06,70v2,f70v2,Pisces,6,,,,,,,,,,,,UNMEASURED,,,POINT_CENTROID,
f70v2-E07,70v2,f70v2,Pisces,7,,,,,,,,,,,,UNMEASURED,,,POINT_CENTROID,
f70v2-E08,70v2,f70v2,Pisces,8,,,,,,,,,,,,UNMEASURED,,,POINT_CENTROID,
f70v2-E09,70v2,f70v2,Pisces,9,,,,,,,,,,,,UNMEASURED,,,POINT_CENTROID,
f70v2-E10,70v2,f70v2,Pisces,10,,,,,,,,,,,,UNMEASURED,,,POINT_CENTROID,
f70v2-E11,70v2,f70v2,Pisces,11,,,,,,,,,,,,UNMEASURED,,,POINT_CENTROID,
f70v2-E12,70v2,f70v2,Pisces,12,,,,,,,,,,,,UNMEASURED,,,POINT_CENTROID,
f70v2-E13,70v2,f70v2,Pisces,13,,,,,,,,,,,,UNMEASURED,,,POINT_CENTROID,
f70v2-E14,70v2,f70v2,Pisces,14,,,,,,,,,,,,UNMEASURED,,,POINT_CENTROID,
f70v2-E15,70v2,f70v2,Pisces,15,,,,,,,,,,,,UNMEASURED,,,POINT_CENTROID,
f70v2-E16,70v2,f70v2,Pisces,16,,,,,,,,,,,,UNMEASURED,,,POINT_CENTROID,
f70v2-E17,70v2,f70v2,Pisces,17,,,,,,,,,,,,UNMEASURED,,,POINT_CENTROID,
f70v2-E18,70v2,f70v2,Pisces,18,,,,,,,,,,,,UNMEASURED,,,POINT_CENTROID,
f70v2-E19,70v2,f70v2,Pisces,19,,,,,,,,,,,,UNMEASURED,,,POINT_CENTROID,
f70v2-E20,70v2,f70v2,Pisces,20,,,,,,,,,,,,UNMEASURED,,,POINT_CENTROID,
f70v2-E21,70v2,f70v2,Pisces,21,,,,,,,,,,,,UNMEASURED,,,POINT_CENTROID,
f70v2-E22,70v2,f70v2,Pisces,22,,,,,,,,,,,,UNMEASURED,,,POINT_CENTROID,
f70v2-E23,70v2,f70v2,Pisces,23,,,,,,,,,,,,UNMEASURED,,,POINT_CENTROID,
f70v2-E24,70v2,f70v2,Pisces,24,,,,,,,,,,,,UNMEASURED,,,POINT_CENTROID,
f70v2-E25,70v2,f70v2,Pisces,25,,,,,,,,,,,,UNMEASURED,,,POINT_CENTROID,
f70v2-E26,70v2,f70v2,Pisces,26,,,,,,,,,,,,UNMEASURED,,,POINT_CENTROID,
f70v2-E27,70v2,f70v2,Pisces,27,,,,,,,,,,,,UNMEASURED,,,POINT_CENTROID,
f70v2-E28,70v2,f70v2,Pisces,28,,,,,,,,,,,,UNMEASURED,,,POINT_CENTROID,
f70v2-E29,70v2,f70v2,Pisces,29,,,,,,,,,,,,UNMEASURED,,,POINT_CENTROID,
f70v1-E01,70v1,f70v1,Aries_A,1,,,,,,,,,,,,UNMEASURED,,,POINT_CENTROID,
f70v1-E02,70v1,f70v1,Aries_A,2,,,,,,,,,,,,UNMEASURED,,,POINT_CENTROID,
f70v1-E03,70v1,f70v1,Aries_A,3,,,,,,,,,,,,UNMEASURED,,,POINT_CENTROID,
f70v1-E04,70v1,f70v1,Aries_A,4,,,,,,,,,,,,UNMEASURED,,,POINT_CENTROID,
f70v1-E05,70v1,f70v1,Aries_A,5,,,,,,,,,,,,UNMEASURED,,,POINT_CENTROID,
f70v1-E06,70v1,f70v1,Aries_A,6,,,,,,,,,,,,UNMEASURED,,,POINT_CENTROID,
f70v1-E07,70v1,f70v1,Aries_A,7,,,,,,,,,,,,UNMEASURED,,,POINT_CENTROID,
f70v1-E08,70v1,f70v1,Aries_A,8,,,,,,,,,,,,UNMEASURED,,,POINT_CENTROID,
f70v1-E09,70v1,f70v1,Aries_A,9,,,,,,,,,,,,UNMEASURED,,,POINT_CENTROID,
f70v1-E10,70v1,f70v1,Aries_A,10,,,,,,,,,,,,UNMEASURED,,,POINT_CENTROID,
f70v1-E11,70v1,f70v1,Aries_A,11,,,,,,,,,,,,UNMEASURED,,,POINT_CENTROID,
f70v1-E12,70v1,f70v1,Aries_A,12,,,,,,,,,,,,UNMEASURED,,,POINT_CENTROID,
f70v1-E13,70v1,f70v1,Aries_A,13,,,,,,,,,,,,UNMEASURED,,,POINT_CENTROID,
f70v1-E14,70v1,f70v1,Aries_A,14,,,,,,,,,,,,UNMEASURED,,,POINT_CENTROID,
f70v1-E15,70v1,f70v1,Aries_A,15,,,,,,,,,,,,UNMEASURED,,,POINT_CENTROID,
f71r-E01,71r,f71r,Aries_B,1,,,,,,,,,,,,UNMEASURED,,,POINT_CENTROID,
f71r-E02,71r,f71r,Aries_B,2,,,,,,,,,,,,UNMEASURED,,,POINT_CENTROID,
f71r-E03,71r,f71r,Aries_B,3,,,,,,,,,,,,UNMEASURED,,,POINT_CENTROID,
f71r-E04,71r,f71r,Aries_B,4,,,,,,,,,,,,UNMEASURED,,,POINT_CENTROID,
f71r-E05,71r,f71r,Aries_B,5,,,,,,,,,,,,UNMEASURED,,,POINT_CENTROID,
f71r-E06,71r,f71r,Aries_B,6,,,,,,,,,,,,UNMEASURED,,,POINT_CENTROID,
f71r-E07,71r,f71r,Aries_B,7,,,,,,,,,,,,UNMEASURED,,,POINT_CENTROID,
f71r-E08,71r,f71r,Aries_B,8,,,,,,,,,,,,UNMEASURED,,,POINT_CENTROID,
f71r-E09,71r,f71r,Aries_B,9,,,,,,,,,,,,UNMEASURED,,,POINT_CENTROID,
f71r-E10,71r,f71r,Aries_B,10,,,,,,,,,,,,UNMEASURED,,,POINT_CENTROID,
f71r-E11,71r,f71r,Aries_B,11,,,,,,,,,,,,UNMEASURED,,,POINT_CENTROID,
f71r-E12,71r,f71r,Aries_B,12,,,,,,,,,,,,UNMEASURED,,,POINT_CENTROID,
f71r-E13,71r,f71r,Aries_B,13,,,,,,,,,,,,UNMEASURED,,,POINT_CENTROID,
f71r-E14,71r,f71r,Aries_B,14,,,,,,,,,,,,UNMEASURED,,,POINT_CENTROID,
f71r-E15,71r,f71r,Aries_B,15,,,,,,,,,,,,UNMEASURED,,,POINT_CENTROID,
f71v-E01,71v,f71v,Taurus_A,1,,,,,,,,,,,,UNMEASURED,,,POINT_CENTROID,
f71v-E02,71v,f71v,Taurus_A,2,,,,,,,,,,,,UNMEASURED,,,POINT_CENTROID,
f71v-E03,71v,f71v,Taurus_A,3,,,,,,,,,,,,UNMEASURED,,,POINT_CENTROID,
f71v-E04,71v,f71v,Taurus_A,4,,,,,,,,,,,,UNMEASURED,,,POINT_CENTROID,
f71v-E05,71v,f71v,Taurus_A,5,,,,,,,,,,,,UNMEASURED,,,POINT_CENTROID,
f71v-E06,71v,f71v,Taurus_A,6,,,,,,,,,,,,UNMEASURED,,,POINT_CENTROID,
f71v-E07,71v,f71v,Taurus_A,7,,,,,,,,,,,,UNMEASURED,,,POINT_CENTROID,
f71v-E08,71v,f71v,Taurus_A,8,,,,,,,,,,,,UNMEASURED,,,POINT_CENTROID,
f71v-E09,71v,f71v,Taurus_A,9,,,,,,,,,,,,UNMEASURED,,,POINT_CENTROID,
f71v-E10,71v,f71v,Taurus_A,10,,,,,,,,,,,,UNMEASURED,,,POINT_CENTROID,
f71v-E11,71v,f71v,Taurus_A,11,,,,,,,,,,,,UNMEASURED,,,POINT_CENTROID,
f71v-E12,71v,f71v,Taurus_A,12,,,,,,,,,,,,UNMEASURED,,,POINT_CENTROID,
f71v-E13,71v,f71v,Taurus_A,13,,,,,,,,,,,,UNMEASURED,,,POINT_CENTROID,
f71v-E14,71v,f71v,Taurus_A,14,,,,,,,,,,,,UNMEASURED,,,POINT_CENTROID,
f71v-E15,71v,f71v,Taurus_A,15,,,,,,,,,,,,UNMEASURED,,,POINT_CENTROID,
f72r1-E01,72r1,f72r1,Taurus_B,1,,,,,,,,,,,,UNMEASURED,,,POINT_CENTROID,
f72r1-E02,72r1,f72r1,Taurus_B,2,,,,,,,,,,,,UNMEASURED,,,POINT_CENTROID,
f72r1-E03,72r1,f72r1,Taurus_B,3,,,,,,,,,,,,UNMEASURED,,,POINT_CENTROID,
f72r1-E04,72r1,f72r1,Taurus_B,4,,,,,,,,,,,,UNMEASURED,,,POINT_CENTROID,
f72r1-E05,72r1,f72r1,Taurus_B,5,,,,,,,,,,,,UNMEASURED,,,POINT_CENTROID,
f72r1-E06,72r1,f72r1,Taurus_B,6,,,,,,,,,,,,UNMEASURED,,,POINT_CENTROID,
f72r1-E07,72r1,f72r1,Taurus_B,7,,,,,,,,,,,,UNMEASURED,,,POINT_CENTROID,
f72r1-E08,72r1,f72r1,Taurus_B,8,,,,,,,,,,,,UNMEASURED,,,POINT_CENTROID,
f72r1-E09,72r1,f72r1,Taurus_B,9,,,,,,,,,,,,UNMEASURED,,,POINT_CENTROID,
f72r1-E10,72r1,f72r1,Taurus_B,10,,,,,,,,,,,,UNMEASURED,,,POINT_CENTROID,
f72r1-E11,72r1,f72r1,Taurus_B,11,,,,,,,,,,,,UNMEASURED,,,POINT_CENTROID,
f72r1-E12,72r1,f72r1,Taurus_B,12,,,,,,,,,,,,UNMEASURED,,,POINT_CENTROID,
f72r1-E13,72r1,f72r1,Taurus_B,13,,,,,,,,,,,,UNMEASURED,,,POINT_CENTROID,
f72r1-E14,72r1,f72r1,Taurus_B,14,,,,,,,,,,,,UNMEASURED,,,POINT_CENTROID,
f72r1-E15,72r1,f72r1,Taurus_B,15,,,,,,,,,,,,UNMEASURED,,,POINT_CENTROID,
f72r2-E01,72r2,f72r2,Gemini,1,,,,,,,,,,,,UNMEASURED,,,POINT_CENTROID,
f72r2-E02,72r2,f72r2,Gemini,2,,,,,,,,,,,,UNMEASURED,,,POINT_CENTROID,
f72r2-E03,72r2,f72r2,Gemini,3,,,,,,,,,,,,UNMEASURED,,,POINT_CENTROID,
f72r2-E04,72r2,f72r2,Gemini,4,,,,,,,,,,,,UNMEASURED,,,POINT_CENTROID,
f72r2-E05,72r2,f72r2,Gemini,5,,,,,,,,,,,,UNMEASURED,,,POINT_CENTROID,
f72r2-E06,72r2,f72r2,Gemini,6,,,,,,,,,,,,UNMEASURED,,,POINT_CENTROID,
f72r2-E07,72r2,f72r2,Gemini,7,,,,,,,,,,,,UNMEASURED,,,POINT_CENTROID,
f72r2-E08,72r2,f72r2,Gemini,8,,,,,,,,,,,,UNMEASURED,,,POINT_CENTROID,
f72r2-E09,72r2,f72r2,Gemini,9,,,,,,,,,,,,UNMEASURED,,,POINT_CENTROID,
f72r2-E10,72r2,f72r2,Gemini,10,,,,,,,,,,,,UNMEASURED,,,POINT_CENTROID,
f72r2-E11,72r2,f72r2,Gemini,11,,,,,,,,,,,,UNMEASURED,,,POINT_CENTROID,
f72r2-E12,72r2,f72r2,Gemini,12,,,,,,,,,,,,UNMEASURED,,,POINT_CENTROID,
f72r2-E13,72r2,f72r2,Gemini,13,,,,,,,,,,,,UNMEASURED,,,POINT_CENTROID,
f72r2-E14,72r2,f72r2,Gemini,14,,,,,,,,,,,,UNMEASURED,,,POINT_CENTROID,
f72r2-E15,72r2,f72r2,Gemini,15,,,,,,,,,,,,UNMEASURED,,,POINT_CENTROID,
f72r2-E16,72r2,f72r2,Gemini,16,,,,,,,,,,,,UNMEASURED,,,POINT_CENTROID,
f72r2-E17,72r2,f72r2,Gemini,17,,,,,,,,,,,,UNMEASURED,,,POINT_CENTROID,
f72r2-E18,72r2,f72r2,Gemini,18,,,,,,,,,,,,UNMEASURED,,,POINT_CENTROID,
f72r2-E19,72r2,f72r2,Gemini,19,,,,,,,,,,,,UNMEASURED,,,POINT_CENTROID,
f72r2-E20,72r2,f72r2,Gemini,20,,,,,,,,,,,,UNMEASURED,,,POINT_CENTROID,
f72r2-E21,72r2,f72r2,Gemini,21,,,,,,,,,,,,UNMEASURED,,,POINT_CENTROID,
f72r2-E22,72r2,f72r2,Gemini,22,,,,,,,,,,,,UNMEASURED,,,POINT_CENTROID,
f72r2-E23,72r2,f72r2,Gemini,23,,,,,,,,,,,,UNMEASURED,,,POINT_CENTROID,
f72r2-E24,72r2,f72r2,Gemini,24,,,,,,,,,,,,UNMEASURED,,,POINT_CENTROID,
f72r2-E25,72r2,f72r2,Gemini,25,,,,,,,,,,,,UNMEASURED,,,POINT_CENTROID,
f72r2-E26,72r2,f72r2,Gemini,26,,,,,,,,,,,,UNMEASURED,,,POINT_CENTROID,
f72r2-E27,72r2,f72r2,Gemini,27,,,,,,,,,,,,UNMEASURED,,,POINT_CENTROID,
f72r2-E28,72r2,f72r2,Gemini,28,,,,,,,,,,,,UNMEASURED,,,POINT_CENTROID,
f72r2-E29,72r2,f72r2,Gemini,29,,,,,,,,,,,,UNMEASURED,,,POINT_CENTROID,
f72r2-E30,72r2,f72r2,Gemini,30,,,,,,,,,,,,UNMEASURED,,,POINT_CENTROID,
f72r3-E01,72r3,f72r3,Cancer,1,,,,,,,,,,,,UNMEASURED,,,POINT_CENTROID,
f72r3-E02,72r3,f72r3,Cancer,2,,,,,,,,,,,,UNMEASURED,,,POINT_CENTROID,
f72r3-E03,72r3,f72r3,Cancer,3,,,,,,,,,,,,UNMEASURED,,,POINT_CENTROID,
f72r3-E04,72r3,f72r3,Cancer,4,,,,,,,,,,,,UNMEASURED,,,POINT_CENTROID,
f72r3-E05,72r3,f72r3,Cancer,5,,,,,,,,,,,,UNMEASURED,,,POINT_CENTROID,
f72r3-E06,72r3,f72r3,Cancer,6,,,,,,,,,,,,UNMEASURED,,,POINT_CENTROID,
f72r3-E07,72r3,f72r3,Cancer,7,,,,,,,,,,,,UNMEASURED,,,POINT_CENTROID,
f72r3-E08,72r3,f72r3,Cancer,8,,,,,,,,,,,,UNMEASURED,,,POINT_CENTROID,
f72r3-E09,72r3,f72r3,Cancer,9,,,,,,,,,,,,UNMEASURED,,,POINT_CENTROID,
f72r3-E10,72r3,f72r3,Cancer,10,,,,,,,,,,,,UNMEASURED,,,POINT_CENTROID,
f72r3-E11,72r3,f72r3,Cancer,11,,,,,,,,,,,,UNMEASURED,,,POINT_CENTROID,
f72r3-E12,72r3,f72r3,Cancer,12,,,,,,,,,,,,UNMEASURED,,,POINT_CENTROID,
f72r3-E13,72r3,f72r3,Cancer,13,,,,,,,,,,,,UNMEASURED,,,POINT_CENTROID,
f72r3-E14,72r3,f72r3,Cancer,14,,,,,,,,,,,,UNMEASURED,,,POINT_CENTROID,
f72r3-E15,72r3,f72r3,Cancer,15,,,,,,,,,,,,UNMEASURED,,,POINT_CENTROID,
f72r3-E16,72r3,f72r3,Cancer,16,,,,,,,,,,,,UNMEASURED,,,POINT_CENTROID,
f72r3-E17,72r3,f72r3,Cancer,17,,,,,,,,,,,,UNMEASURED,,,POINT_CENTROID,
f72r3-E18,72r3,f72r3,Cancer,18,,,,,,,,,,,,UNMEASURED,,,POINT_CENTROID,
f72r3-E19,72r3,f72r3,Cancer,19,,,,,,,,,,,,UNMEASURED,,,POINT_CENTROID,
f72r3-E20,72r3,f72r3,Cancer,20,,,,,,,,,,,,UNMEASURED,,,POINT_CENTROID,
f72r3-E21,72r3,f72r3,Cancer,21,,,,,,,,,,,,UNMEASURED,,,POINT_CENTROID,
f72r3-E22,72r3,f72r3,Cancer,22,,,,,,,,,,,,UNMEASURED,,,POINT_CENTROID,
f72r3-E23,72r3,f72r3,Cancer,23,,,,,,,,,,,,UNMEASURED,,,POINT_CENTROID,
f72r3-E24,72r3,f72r3,Cancer,24,,,,,,,,,,,,UNMEASURED,,,POINT_CENTROID,
f72r3-E25,72r3,f72r3,Cancer,25,,,,,,,,,,,,UNMEASURED,,,POINT_CENTROID,
f72r3-E26,72r3,f72r3,Cancer,26,,,,,,,,,,,,UNMEASURED,,,POINT_CENTROID,
f72r3-E27,72r3,f72r3,Cancer,27,,,,,,,,,,,,UNMEASURED,,,POINT_CENTROID,
f72r3-E28,72r3,f72r3,Cancer,28,,,,,,,,,,,,UNMEASURED,,,POINT_CENTROID,
f72r3-E29,72r3,f72r3,Cancer,29,,,,,,,,,,,,UNMEASURED,,,POINT_CENTROID,
f72r3-E30,72r3,f72r3,Cancer,30,,,,,,,,,,,,UNMEASURED,,,POINT_CENTROID,
f72v1-E01,72v1,f72v1,Leo,1,,,,,,,,,,,,UNMEASURED,,,POINT_CENTROID,
f72v1-E02,72v1,f72v1,Leo,2,,,,,,,,,,,,UNMEASURED,,,POINT_CENTROID,
f72v1-E03,72v1,f72v1,Leo,3,,,,,,,,,,,,UNMEASURED,,,POINT_CENTROID,
f72v1-E04,72v1,f72v1,Leo,4,,,,,,,,,,,,UNMEASURED,,,POINT_CENTROID,
f72v1-E05,72v1,f72v1,Leo,5,,,,,,,,,,,,UNMEASURED,,,POINT_CENTROID,
f72v1-E06,72v1,f72v1,Leo,6,,,,,,,,,,,,UNMEASURED,,,POINT_CENTROID,
f72v1-E07,72v1,f72v1,Leo,7,,,,,,,,,,,,UNMEASURED,,,POINT_CENTROID,
f72v1-E08,72v1,f72v1,Leo,8,,,,,,,,,,,,UNMEASURED,,,POINT_CENTROID,
f72v1-E09,72v1,f72v1,Leo,9,,,,,,,,,,,,UNMEASURED,,,POINT_CENTROID,
f72v1-E10,72v1,f72v1,Leo,10,,,,,,,,,,,,UNMEASURED,,,POINT_CENTROID,
f72v1-E11,72v1,f72v1,Leo,11,,,,,,,,,,,,UNMEASURED,,,POINT_CENTROID,
f72v1-E12,72v1,f72v1,Leo,12,,,,,,,,,,,,UNMEASURED,,,POINT_CENTROID,
f72v1-E13,72v1,f72v1,Leo,13,,,,,,,,,,,,UNMEASURED,,,POINT_CENTROID,
f72v1-E14,72v1,f72v1,Leo,14,,,,,,,,,,,,UNMEASURED,,,POINT_CENTROID,
f72v1-E15,72v1,f72v1,Leo,15,,,,,,,,,,,,UNMEASURED,,,POINT_CENTROID,
f72v1-E16,72v1,f72v1,Leo,16,,,,,,,,,,,,UNMEASURED,,,POINT_CENTROID,
f72v1-E17,72v1,f72v1,Leo,17,,,,,,,,,,,,UNMEASURED,,,POINT_CENTROID,
f72v1-E18,72v1,f72v1,Leo,18,,,,,,,,,,,,UNMEASURED,,,POINT_CENTROID,
f72v1-E19,72v1,f72v1,Leo,19,,,,,,,,,,,,UNMEASURED,,,POINT_CENTROID,
f72v1-E20,72v1,f72v1,Leo,20,,,,,,,,,,,,UNMEASURED,,,POINT_CENTROID,
f72v1-E21,72v1,f72v1,Leo,21,,,,,,,,,,,,UNMEASURED,,,POINT_CENTROID,
f72v1-E22,72v1,f72v1,Leo,22,,,,,,,,,,,,UNMEASURED,,,POINT_CENTROID,
f72v1-E23,72v1,f72v1,Leo,23,,,,,,,,,,,,UNMEASURED,,,POINT_CENTROID,
f72v1-E24,72v1,f72v1,Leo,24,,,,,,,,,,,,UNMEASURED,,,POINT_CENTROID,
f72v1-E25,72v1,f72v1,Leo,25,,,,,,,,,,,,UNMEASURED,,,POINT_CENTROID,
f72v1-E26,72v1,f72v1,Leo,26,,,,,,,,,,,,UNMEASURED,,,POINT_CENTROID,
f72v1-E27,72v1,f72v1,Leo,27,,,,,,,,,,,,UNMEASURED,,,POINT_CENTROID,
f72v1-E28,72v1,f72v1,Leo,28,,,,,,,,,,,,UNMEASURED,,,POINT_CENTROID,
f72v1-E29,72v1,f72v1,Leo,29,,,,,,,,,,,,UNMEASURED,,,POINT_CENTROID,
f72v1-E30,72v1,f72v1,Leo,30,,,,,,,,,,,,UNMEASURED,,,POINT_CENTROID,
f72v2-E01,72v2,f72v2,Virgo,1,,,,,,,,,,,,UNMEASURED,,,POINT_CENTROID,
f72v2-E02,72v2,f72v2,Virgo,2,,,,,,,,,,,,UNMEASURED,,,POINT_CENTROID,
f72v2-E03,72v2,f72v2,Virgo,3,,,,,,,,,,,,UNMEASURED,,,POINT_CENTROID,
f72v2-E04,72v2,f72v2,Virgo,4,,,,,,,,,,,,UNMEASURED,,,POINT_CENTROID,
f72v2-E05,72v2,f72v2,Virgo,5,,,,,,,,,,,,UNMEASURED,,,POINT_CENTROID,
f72v2-E06,72v2,f72v2,Virgo,6,,,,,,,,,,,,UNMEASURED,,,POINT_CENTROID,
f72v2-E07,72v2,f72v2,Virgo,7,,,,,,,,,,,,UNMEASURED,,,POINT_CENTROID,
f72v2-E08,72v2,f72v2,Virgo,8,,,,,,,,,,,,UNMEASURED,,,POINT_CENTROID,
f72v2-E09,72v2,f72v2,Virgo,9,,,,,,,,,,,,UNMEASURED,,,POINT_CENTROID,
f72v2-E10,72v2,f72v2,Virgo,10,,,,,,,,,,,,UNMEASURED,,,POINT_CENTROID,
f72v2-E11,72v2,f72v2,Virgo,11,,,,,,,,,,,,UNMEASURED,,,POINT_CENTROID,
f72v2-E12,72v2,f72v2,Virgo,12,,,,,,,,,,,,UNMEASURED,,,POINT_CENTROID,
f72v2-E13,72v2,f72v2,Virgo,13,,,,,,,,,,,,UNMEASURED,,,POINT_CENTROID,
f72v2-E14,72v2,f72v2,Virgo,14,,,,,,,,,,,,UNMEASURED,,,POINT_CENTROID,
f72v2-E15,72v2,f72v2,Virgo,15,,,,,,,,,,,,UNMEASURED,,,POINT_CENTROID,
f72v2-E16,72v2,f72v2,Virgo,16,,,,,,,,,,,,UNMEASURED,,,POINT_CENTROID,
f72v2-E17,72v2,f72v2,Virgo,17,,,,,,,,,,,,UNMEASURED,,,POINT_CENTROID,
f72v2-E18,72v2,f72v2,Virgo,18,,,,,,,,,,,,UNMEASURED,,,POINT_CENTROID,
f72v2-E19,72v2,f72v2,Virgo,19,,,,,,,,,,,,UNMEASURED,,,POINT_CENTROID,
f72v2-E20,72v2,f72v2,Virgo,20,,,,,,,,,,,,UNMEASURED,,,POINT_CENTROID,
f72v2-E21,72v2,f72v2,Virgo,21,,,,,,,,,,,,UNMEASURED,,,POINT_CENTROID,
f72v2-E22,72v2,f72v2,Virgo,22,,,,,,,,,,,,UNMEASURED,,,POINT_CENTROID,
f72v2-E23,72v2,f72v2,Virgo,23,,,,,,,,,,,,UNMEASURED,,,POINT_CENTROID,
f72v2-E24,72v2,f72v2,Virgo,24,,,,,,,,,,,,UNMEASURED,,,POINT_CENTROID,
f72v2-E25,72v2,f72v2,Virgo,25,,,,,,,,,,,,UNMEASURED,,,POINT_CENTROID,
f72v2-E26,72v2,f72v2,Virgo,26,,,,,,,,,,,,UNMEASURED,,,POINT_CENTROID,
f72v2-E27,72v2,f72v2,Virgo,27,,,,,,,,,,,,UNMEASURED,,,POINT_CENTROID,
f72v2-E28,72v2,f72v2,Virgo,28,,,,,,,,,,,,UNMEASURED,,,POINT_CENTROID,
f72v2-E29,72v2,f72v2,Virgo,29,,,,,,,,,,,,UNMEASURED,,,POINT_CENTROID,
f72v2-E30,72v2,f72v2,Virgo,30,,,,,,,,,,,,UNMEASURED,,,POINT_CENTROID,
f72v3-E01,72v3,f72v3,Libra,1,,,,,,,,,,,,UNMEASURED,,,POINT_CENTROID,
f72v3-E02,72v3,f72v3,Libra,2,,,,,,,,,,,,UNMEASURED,,,POINT_CENTROID,
f72v3-E03,72v3,f72v3,Libra,3,,,,,,,,,,,,UNMEASURED,,,POINT_CENTROID,
f72v3-E04,72v3,f72v3,Libra,4,,,,,,,,,,,,UNMEASURED,,,POINT_CENTROID,
f72v3-E05,72v3,f72v3,Libra,5,,,,,,,,,,,,UNMEASURED,,,POINT_CENTROID,
f72v3-E06,72v3,f72v3,Libra,6,,,,,,,,,,,,UNMEASURED,,,POINT_CENTROID,
f72v3-E07,72v3,f72v3,Libra,7,,,,,,,,,,,,UNMEASURED,,,POINT_CENTROID,
f72v3-E08,72v3,f72v3,Libra,8,,,,,,,,,,,,UNMEASURED,,,POINT_CENTROID,
f72v3-E09,72v3,f72v3,Libra,9,,,,,,,,,,,,UNMEASURED,,,POINT_CENTROID,
f72v3-E10,72v3,f72v3,Libra,10,,,,,,,,,,,,UNMEASURED,,,POINT_CENTROID,
f72v3-E11,72v3,f72v3,Libra,11,,,,,,,,,,,,UNMEASURED,,,POINT_CENTROID,
f72v3-E12,72v3,f72v3,Libra,12,,,,,,,,,,,,UNMEASURED,,,POINT_CENTROID,
f72v3-E13,72v3,f72v3,Libra,13,,,,,,,,,,,,UNMEASURED,,,POINT_CENTROID,
f72v3-E14,72v3,f72v3,Libra,14,,,,,,,,,,,,UNMEASURED,,,POINT_CENTROID,
f72v3-E15,72v3,f72v3,Libra,15,,,,,,,,,,,,UNMEASURED,,,POINT_CENTROID,
f72v3-E16,72v3,f72v3,Libra,16,,,,,,,,,,,,UNMEASURED,,,POINT_CENTROID,
f72v3-E17,72v3,f72v3,Libra,17,,,,,,,,,,,,UNMEASURED,,,POINT_CENTROID,
f72v3-E18,72v3,f72v3,Libra,18,,,,,,,,,,,,UNMEASURED,,,POINT_CENTROID,
f72v3-E19,72v3,f72v3,Libra,19,,,,,,,,,,,,UNMEASURED,,,POINT_CENTROID,
f72v3-E20,72v3,f72v3,Libra,20,,,,,,,,,,,,UNMEASURED,,,POINT_CENTROID,
f72v3-E21,72v3,f72v3,Libra,21,,,,,,,,,,,,UNMEASURED,,,POINT_CENTROID,
f72v3-E22,72v3,f72v3,Libra,22,,,,,,,,,,,,UNMEASURED,,,POINT_CENTROID,
f72v3-E23,72v3,f72v3,Libra,23,,,,,,,,,,,,UNMEASURED,,,POINT_CENTROID,
f72v3-E24,72v3,f72v3,Libra,24,,,,,,,,,,,,UNMEASURED,,,POINT_CENTROID,
f72v3-E25,72v3,f72v3,Libra,25,,,,,,,,,,,,UNMEASURED,,,POINT_CENTROID,
f72v3-E26,72v3,f72v3,Libra,26,,,,,,,,,,,,UNMEASURED,,,POINT_CENTROID,
f72v3-E27,72v3,f72v3,Libra,27,,,,,,,,,,,,UNMEASURED,,,POINT_CENTROID,
f72v3-E28,72v3,f72v3,Libra,28,,,,,,,,,,,,UNMEASURED,,,POINT_CENTROID,
f72v3-E29,72v3,f72v3,Libra,29,,,,,,,,,,,,UNMEASURED,,,POINT_CENTROID,
f72v3-E30,72v3,f72v3,Libra,30,,,,,,,,,,,,UNMEASURED,,,POINT_CENTROID,
f73r-E01,73r,f73r,Scorpio,1,,,,,,,,,,,,UNMEASURED,,,POINT_CENTROID,
f73r-E02,73r,f73r,Scorpio,2,,,,,,,,,,,,UNMEASURED,,,POINT_CENTROID,
f73r-E03,73r,f73r,Scorpio,3,,,,,,,,,,,,UNMEASURED,,,POINT_CENTROID,
f73r-E04,73r,f73r,Scorpio,4,,,,,,,,,,,,UNMEASURED,,,POINT_CENTROID,
f73r-E05,73r,f73r,Scorpio,5,,,,,,,,,,,,UNMEASURED,,,POINT_CENTROID,
f73r-E06,73r,f73r,Scorpio,6,,,,,,,,,,,,UNMEASURED,,,POINT_CENTROID,
f73r-E07,73r,f73r,Scorpio,7,,,,,,,,,,,,UNMEASURED,,,POINT_CENTROID,
f73r-E08,73r,f73r,Scorpio,8,,,,,,,,,,,,UNMEASURED,,,POINT_CENTROID,
f73r-E09,73r,f73r,Scorpio,9,,,,,,,,,,,,UNMEASURED,,,POINT_CENTROID,
f73r-E10,73r,f73r,Scorpio,10,,,,,,,,,,,,UNMEASURED,,,POINT_CENTROID,
f73r-E11,73r,f73r,Scorpio,11,,,,,,,,,,,,UNMEASURED,,,POINT_CENTROID,
f73r-E12,73r,f73r,Scorpio,12,,,,,,,,,,,,UNMEASURED,,,POINT_CENTROID,
f73r-E13,73r,f73r,Scorpio,13,,,,,,,,,,,,UNMEASURED,,,POINT_CENTROID,
f73r-E14,73r,f73r,Scorpio,14,,,,,,,,,,,,UNMEASURED,,,POINT_CENTROID,
f73r-E15,73r,f73r,Scorpio,15,,,,,,,,,,,,UNMEASURED,,,POINT_CENTROID,
f73r-E16,73r,f73r,Scorpio,16,,,,,,,,,,,,UNMEASURED,,,POINT_CENTROID,
f73r-E17,73r,f73r,Scorpio,17,,,,,,,,,,,,UNMEASURED,,,POINT_CENTROID,
f73r-E18,73r,f73r,Scorpio,18,,,,,,,,,,,,UNMEASURED,,,POINT_CENTROID,
f73r-E19,73r,f73r,Scorpio,19,,,,,,,,,,,,UNMEASURED,,,POINT_CENTROID,
f73r-E20,73r,f73r,Scorpio,20,,,,,,,,,,,,UNMEASURED,,,POINT_CENTROID,
f73r-E21,73r,f73r,Scorpio,21,,,,,,,,,,,,UNMEASURED,,,POINT_CENTROID,
f73r-E22,73r,f73r,Scorpio,22,,,,,,,,,,,,UNMEASURED,,,POINT_CENTROID,
f73r-E23,73r,f73r,Scorpio,23,,,,,,,,,,,,UNMEASURED,,,POINT_CENTROID,
f73r-E24,73r,f73r,Scorpio,24,,,,,,,,,,,,UNMEASURED,,,POINT_CENTROID,
f73r-E25,73r,f73r,Scorpio,25,,,,,,,,,,,,UNMEASURED,,,POINT_CENTROID,
f73r-E26,73r,f73r,Scorpio,26,,,,,,,,,,,,UNMEASURED,,,POINT_CENTROID,
f73r-E27,73r,f73r,Scorpio,27,,,,,,,,,,,,UNMEASURED,,,POINT_CENTROID,
f73r-E28,73r,f73r,Scorpio,28,,,,,,,,,,,,UNMEASURED,,,POINT_CENTROID,
f73r-E29,73r,f73r,Scorpio,29,,,,,,,,,,,,UNMEASURED,,,POINT_CENTROID,
f73r-E30,73r,f73r,Scorpio,30,,,,,,,,,,,,UNMEASURED,,,POINT_CENTROID,
f73v-E01,73v,f73v,Sagittarius,1,,,,,,,,,,,,UNMEASURED,,,POINT_CENTROID,
f73v-E02,73v,f73v,Sagittarius,2,,,,,,,,,,,,UNMEASURED,,,POINT_CENTROID,
f73v-E03,73v,f73v,Sagittarius,3,,,,,,,,,,,,UNMEASURED,,,POINT_CENTROID,
f73v-E04,73v,f73v,Sagittarius,4,,,,,,,,,,,,UNMEASURED,,,POINT_CENTROID,
f73v-E05,73v,f73v,Sagittarius,5,,,,,,,,,,,,UNMEASURED,,,POINT_CENTROID,
f73v-E06,73v,f73v,Sagittarius,6,,,,,,,,,,,,UNMEASURED,,,POINT_CENTROID,
f73v-E07,73v,f73v,Sagittarius,7,,,,,,,,,,,,UNMEASURED,,,POINT_CENTROID,
f73v-E08,73v,f73v,Sagittarius,8,,,,,,,,,,,,UNMEASURED,,,POINT_CENTROID,
f73v-E09,73v,f73v,Sagittarius,9,,,,,,,,,,,,UNMEASURED,,,POINT_CENTROID,
f73v-E10,73v,f73v,Sagittarius,10,,,,,,,,,,,,UNMEASURED,,,POINT_CENTROID,
f73v-E11,73v,f73v,Sagittarius,11,,,,,,,,,,,,UNMEASURED,,,POINT_CENTROID,
f73v-E12,73v,f73v,Sagittarius,12,,,,,,,,,,,,UNMEASURED,,,POINT_CENTROID,
f73v-E13,73v,f73v,Sagittarius,13,,,,,,,,,,,,UNMEASURED,,,POINT_CENTROID,
f73v-E14,73v,f73v,Sagittarius,14,,,,,,,,,,,,UNMEASURED,,,POINT_CENTROID,
f73v-E15,73v,f73v,Sagittarius,15,,,,,,,,,,,,UNMEASURED,,,POINT_CENTROID,
f73v-E16,73v,f73v,Sagittarius,16,,,,,,,,,,,,UNMEASURED,,,POINT_CENTROID,
f73v-E17,73v,f73v,Sagittarius,17,,,,,,,,,,,,UNMEASURED,,,POINT_CENTROID,
f73v-E18,73v,f73v,Sagittarius,18,,,,,,,,,,,,UNMEASURED,,,POINT_CENTROID,
f73v-E19,73v,f73v,Sagittarius,19,,,,,,,,,,,,UNMEASURED,,,POINT_CENTROID,
f73v-E20,73v,f73v,Sagittarius,20,,,,,,,,,,,,UNMEASURED,,,POINT_CENTROID,
f73v-E21,73v,f73v,Sagittarius,21,,,,,,,,,,,,UNMEASURED,,,POINT_CENTROID,
f73v-E22,73v,f73v,Sagittarius,22,,,,,,,,,,,,UNMEASURED,,,POINT_CENTROID,
f73v-E23,73v,f73v,Sagittarius,23,,,,,,,,,,,,UNMEASURED,,,POINT_CENTROID,
f73v-E24,73v,f73v,Sagittarius,24,,,,,,,,,,,,UNMEASURED,,,POINT_CENTROID,
f73v-E25,73v,f73v,Sagittarius,25,,,,,,,,,,,,UNMEASURED,,,POINT_CENTROID,
f73v-E26,73v,f73v,Sagittarius,26,,,,,,,,,,,,UNMEASURED,,,POINT_CENTROID,
f73v-E27,73v,f73v,Sagittarius,27,,,,,,,,,,,,UNMEASURED,,,POINT_CENTROID,
f73v-E28,73v,f73v,Sagittarius,28,,,,,,,,,,,,UNMEASURED,,,POINT_CENTROID,
f73v-E29,73v,f73v,Sagittarius,29,,,,,,,,,,,,UNMEASURED,,,POINT_CENTROID,
f73v-E30,73v,f73v,Sagittarius,30,,,,,,,,,,,,UNMEASURED,,,POINT_CENTROID,
