sign,ordinal_source,page,locus,label,raw
Pisces,1,f70v2,"f70v2.2,@Lz",otalalg,otalalg
Pisces,2,f70v2,"f70v2.3,&Lz",okasy,okasy
Pisces,3,f70v2,"f70v2.4,&Lz",otar,otar?
Pisces,4,f70v2,"f70v2.5,&Lz",oty,oty
Pisces,5,f70v2,"f70v2.6,&Lz",oky.ody,oky.ody
Pisces,6,f70v2,"f70v2.7,&Lz",oty.ar,oty.ar
Pisces,7,f70v2,"f70v2.8,&Lz",okaly,okaly
Pisces,8,f70v2,"f70v2.9,&Lz",otody,otody
Pisces,9,f70v2,"f70v2.10,&Lz",otald,otald
Pisces,10,f70v2,"f70v2.11,&Lz",otaldar,otaldar
Pisces,11,f70v2,"f70v2.12,&Lz",okody,okody
Pisces,12,f70v2,"f70v2.13,&Lz",opysam,opysam
Pisces,13,f70v2,"f70v2.14,&Lz",chckhhy,chckhhy
Pisces,14,f70v2,"f70v2.15,&Lz",otaly,otaly
Pisces,15,f70v2,"f70v2.16,&Lz",otal.arar,otal.arar
Pisces,16,f70v2,"f70v2.17,&Lz",otaldy,otaldy
Pisces,17,f70v2,"f70v2.18,&Lz",okeoly,okeoly
Pisces,18,f70v2,"f70v2.19,&Lz",okydy,okydy
Pisces,19,f70v2,"f70v2.20,&Lz",okees,okees
Pisces,20,f70v2,"f70v2.22,@Lz",atar.am,atar.am
Pisces,21,f70v2,"f70v2.23,&Lz",otaral,otaral
Pisces,22,f70v2,"f70v2.24,&Lz",otalar,otalar
Pisces,23,f70v2,"f70v2.25,&Lz",otalam,otalam
Pisces,24,f70v2,"f70v2.26,&Lz",dolaram,dolaram
Pisces,25,f70v2,"f70v2.27,&Lz",okaram,okaram
Pisces,26,f70v2,"f70v2.28,&Lz",oteosal,oteosal
Pisces,27,f70v2,"f70v2.29,&Lz",salols,salols
Pisces,28,f70v2,"f70v2.30,&Lz",okaldal,okaldal
Pisces,29,f70v2,"f70v2.31,&Lz",ykolaiin,ykolaiin
Pisces,30,f70v2,"f70v2.33,@Lz",otolal,otolal
Aries,1,f70v1,"f70v1.2,@Lz",otalchy.tar.am.dy,otalchy.tar.am.dy
Aries,2,f70v1,"f70v1.3,&Lz",opchey.sal,opchey.sal
Aries,3,f70v1,"f70v1.4,&Lz",otakaiman,otakaiman
Aries,4,f70v1,"f70v1.5,&Lz",okalal,okalal
Aries,5,f70v1,"f70v1.6,&Lz",otaly,otaly
Aries,6,f70v1,"f70v1.7,&Lz",oalcheg,oalcheg
Aries,7,f70v1,"f70v1.8,&Lz",otchodals,otchodals
Aries,8,f70v1,"f70v1.9,&Lz",okolshy,okolshy
Aries,9,f70v1,"f70v1.10,&Lz",otshshdy,otshshdy
Aries,10,f70v1,"f70v1.11,&Lz",otal.ypsharal,otal.ypsharal
Aries,11,f70v1,"f70v1.13,@Lz",okoly,okoly
Aries,12,f70v1,"f70v1.14,&Lz",otalaiin,otalaiin
Aries,13,f70v1,"f70v1.15,&Lz",oteo.alols.araly,oteo.alols.araly
Aries,14,f70v1,"f70v1.16,&Lz",oteoeey.otal.okealar,oteoeey.otal.okealar
Aries,15,f70v1,"f70v1.17,&Lz",otear.araydy,otear.araydy
Aries,16,f71r,"f71r.2,@Lz",oteos.arar,oteos.arar
Aries,17,f71r,"f71r.3,&Lz",okldam,okldam
Aries,18,f71r,"f71r.4,&Lz",oteoaldy,oteoaldy
Aries,19,f71r,"f71r.5,&Lz",oteolar,oteolar
Aries,20,f71r,"f71r.6,&Lz",okeoaly,okeoaly
Aries,21,f71r,"f71r.7,&Lz",otaleky,otaleky
Aries,22,f71r,"f71r.8,&Lz",otalsar,otalsar
Aries,23,f71r,"f71r.9,&Lz",cheary,cheary
Aries,24,f71r,"f71r.10,&Lz",oteokey.sary,oteokey.sary
Aries,25,f71r,"f71r.11,&Lz",otalaly,otalaly
Aries,26,f71r,"f71r.13,@Lz",otolchdy,otolchdy
Aries,27,f71r,"f71r.14,&Lz",otoloaram,otoloaram
Aries,28,f71r,"f71r.15,&Lz",oteeol,oteeol
Aries,29,f71r,"f71r.16,&Lz",otolchd,otolchd
Aries,30,f71r,"f71r.17,&Lz",otaldar,"otal,dar"
Taurus,1,f71v,"f71v.2,@Lz",char.orom,char.orom
Taurus,2,f71v,"f71v.3,&Lz",chfaly,chfaly
Taurus,3,f71v,"f71v.4,&Lz",okolar,okolar
Taurus,4,f71v,"f71v.5,&Lz",otchody,otchody
Taurus,5,f71v,"f71v.6,&Lz",alcphy,alcphy
Taurus,6,f71v,"f71v.7,&Lz",otaiin,otaiin
Taurus,7,f71v,"f71v.8,&Lz",okaraiin,okaraiin
Taurus,8,f71v,"f71v.9,&Lz",otar.araly,otar.araly
Taurus,9,f71v,"f71v.10,&Lz",opalar.am.dan,opalar.am.dan
Taurus,10,f71v,"f71v.11,&Lz",opalor.ar,opalor.ar
Taurus,11,f71v,"f71v.13,@Lz",ofacfom,ofacfom
Taurus,12,f71v,"f71v.14,&Lz",otalody,otalody
Taurus,13,f71v,"f71v.15,&Lz",otalaiin,otalaiin
Taurus,14,f71v,"f71v.16,&Lz",otar.shar,otar.shar
Taurus,15,f71v,"f71v.17,&Lz",sholshdy,sholshdy
Taurus,16,f72r1,"f72r1.2,@Lz",oshodady,oshodady
Taurus,17,f72r1,"f72r1.3,&Lz",chdaiirdainy,chdaiirdainy
Taurus,18,f72r1,"f72r1.4,&Lz",oaiinarary,oaiinarary
Taurus,19,f72r1,"f72r1.5,&Lz",okalam,okalam
Taurus,20,f72r1,"f72r1.6,&Lz",ytalshdy,ytalshdy
Taurus,21,f72r1,"f72r1.7,&Lz",char.alif,char.alif
Taurus,22,f72r1,"f72r1.8,&Lz",otaraldy,otaraldy
Taurus,23,f72r1,"f72r1.9,&Lz",otaiin.otain,otaiin.otain
Taurus,24,f72r1,"f72r1.10,&Lz",otalef.ys.ainam,otalef.ys.ainam
Taurus,25,f72r1,"f72r1.11,&Lz",ochol.sharam,ochol.sharam
Taurus,26,f72r1,"f72r1.13,@Lz",ofaralar,ofaralar
Taurus,27,f72r1,"f72r1.14,&Lz",otchoshy,otchoshy
Taurus,28,f72r1,"f72r1.15,&Lz",otchdal,otchdal
Taurus,29,f72r1,"f72r1.16,&Lz",okeey.ary,okeey.ary
Taurus,30,f72r1,"f72r1.17,&Lz",otainy,otainy
Gemini,1,f72r2,"f72r2.1,@Lz",opchdamy,opchdamy
Gemini,2,f72r2,"f72r2.2,&Lz",oklairdy,oklairdy
Gemini,3,f72r2,"f72r2.3,&Lz",okaram,"okar,am"
Gemini,4,f72r2,"f72r2.4,&Lz",okairy,okairy
Gemini,5,f72r2,"f72r2.5,&Lz",okealar,okealar
Gemini,6,f72r2,"f72r2.7,@Lz",otaraldy,otaraldy
Gemini,7,f72r2,"f72r2.8,&Lz",okalar,okalar
Gemini,8,f72r2,"f72r2.9,&Lz",okal,okal
Gemini,9,f72r2,"f72r2.10,&Lz",okaly,okaly
Gemini,10,f72r2,"f72r2.11,&Lz",okal,okal
Gemini,11,f72r2,"f72r2.12,&Lz",okeey.ary,okeey.ary
Gemini,12,f72r2,"f72r2.13,&Lz",oteeary,oteeary
Gemini,13,f72r2,"f72r2.14,&Lz",otairdy,otairdy
Gemini,14,f72r2,"f72r2.15,&Lz",okaircham,okaircham
Gemini,15,f72r2,"f72r2.16,&Lz",okealy,okealy
Gemini,16,f72r2,"f72r2.17,&Lz",otarcr,otarcr
Gemini,17,f72r2,"f72r2.18,&Lz",okaly,okaly
Gemini,18,f72r2,"f72r2.19,&Lz",orary,orary
Gemini,19,f72r2,"f72r2.20,&Lz",okyd,okyd
Gemini,20,f72r2,"f72r2.21,&Lz",otolam,otolam
Gemini,21,f72r2,"f72r2.23,@Lz",otal,otal
Gemini,22,f72r2,"f72r2.24,&Lz",salal,salal
Gemini,23,f72r2,"f72r2.25,&Lz",okam,okam
Gemini,24,f72r2,"f72r2.26,&Lz",otalshy,otalshy
Gemini,25,f72r2,"f72r2.27,&Lz",okaldy,okaldy
Gemini,26,f72r2,"f72r2.28,&Lz",chasar,chasar
Gemini,27,f72r2,"f72r2.29,&Lz",otam,otam
Gemini,28,f72r2,"f72r2.30,&Lz",ainaly,ainaly
Gemini,29,f72r2,"f72r2.31,&Lz",okarcham,okarcham
Cancer,1,f72r3,"f72r3.2,@Lz",olkalaiin,olkalaiin
Cancer,2,f72r3,"f72r3.3,&Lz",olalsy,olalsy
Cancer,3,f72r3,"f72r3.4,&Lz",oraiinam,oraiinam
Cancer,4,f72r3,"f72r3.5,&Lz",osarsheeeo,osarsheeeo
Cancer,5,f72r3,"f72r3.6,&Lz",otoraiin,otoraiin
Cancer,6,f72r3,"f72r3.7,&Lz",opoiiinoin.alches,opoiiinoin.alches
Cancer,7,f72r3,"f72r3.8,&Lz",ypaiin.alaly,ypaiin.alaly
Cancer,8,f72r3,"f72r3.9,&Lz",oteeydaiin,oteeydaiin
Cancer,9,f72r3,"f72r3.10,&Lz",oeeodaiin,oeeodaiin
Cancer,10,f72r3,"f72r3.11,&Lz",ofsholdy,ofsholdy
Cancer,11,f72r3,"f72r3.12,&Lz",opoeey.okaiin,opoeey.okaiin
Cancer,12,f72r3,"f72r3.13,&Lz",ykalairol,ykalairol
Cancer,13,f72r3,"f72r3.15,@Lz",aralkam,aralkam
Cancer,14,f72r3,"f72r3.16,&Lz",ytairal,ytairal
Cancer,15,f72r3,"f72r3.17,&Lz",oeeesaiin,oeeesaiin
Cancer,16,f72r3,"f72r3.18,&Lz",ory,ory
Cancer,17,f72r3,"f72r3.19,&Lz",ochey.fydy,ochey.fydy
Cancer,18,f72r3,"f72r3.20,&Lz",of.o.eeesaly,of???.o.eeesaly
Cancer,19,f72r3,"f72r3.21,&Lz",ykaraiin.airal,ykaraiin.airal
Cancer,20,f72r3,"f72r3.22,&Lz",okalar,okalar
Cancer,21,f72r3,"f72r3.23,&Lz",osary,osary
Cancer,22,f72r3,"f72r3.24,&Lz",olaiin.olackhy,olaiin.olackhy
Cancer,23,f72r3,"f72r3.25,&Lz",olfsheoral,olfsheoral
Cancer,24,f72r3,"f72r3.27,@Lz",opalal,opalal
Cancer,25,f72r3,"f72r3.28,&Lz",yfary,yfary
Cancer,26,f72r3,"f72r3.29,&Lz",osaiiral,osaiiral
Cancer,27,f72r3,"f72r3.30,&Lz",ytoar.shar,ytoar.shar
Cancer,28,f72r3,"f72r3.31,&Lz",octho,octho
Cancer,29,f72r3,"f72r3.32,&Lz",aral,aral
Cancer,30,f72r3,"f72r3.33,&Lz",oletal,oletal
Leo,1,f72v3,"f72v3.2,@Lz",ochog,ochog
Leo,2,f72v3,"f72v3.3,&Lz",oreeey,oreeey
Leo,3,f72v3,"f72v3.4,&Lz",ykam,ykam
Leo,4,f72v3,"f72v3.5,&Lz",okey,okey
Leo,5,f72v3,"f72v3.6,&Lz",otcheody,otcheody
Leo,6,f72v3,"f72v3.7,&Lz",okyeeshy,okyeeshy
Leo,7,f72v3,"f72v3.8,&Lz",syofaiin,syofaiin
Leo,8,f72v3,"f72v3.9,&Lz",akoly,akoly
Leo,9,f72v3,"f72v3.10,&Lz",otoly,otoly
Leo,10,f72v3,"f72v3.11,&Lz",ofalals,ofalals
Leo,11,f72v3,"f72v3.12,&Lz",sheeos.ocphhy,sheeos.ocphhy
Leo,12,f72v3,"f72v3.13,&Lz",daiin.chepo,daiin.chepo
Leo,13,f72v3,"f72v3.14,&Lz",oteey.deeyl,oteey.deeyl
Leo,14,f72v3,"f72v3.15,&Lz",chealpy,chealpy
Leo,15,f72v3,"f72v3.16,&Lz",okeeol,okeeol
Leo,16,f72v3,"f72v3.17,&Lz",okaly,okaly
Leo,17,f72v3,"f72v3.18,&Lz",okaldy,okaldy
Leo,18,f72v3,"f72v3.19,&Lz",okeolog,okeolog
Leo,19,f72v3,"f72v3.21,@Lz",choleey,choleey
Leo,20,f72v3,"f72v3.22,&Lz",oky,oky
Leo,21,f72v3,"f72v3.23,&Lz",chcthhy,chcthhy
Leo,22,f72v3,"f72v3.24,&Lz",laly,laly
Leo,23,f72v3,"f72v3.25,&Lz",oeedy,oeedy
Leo,24,f72v3,"f72v3.26,&Lz",odairan,odairan
Leo,25,f72v3,"f72v3.27,&Lz",okary,okary
Leo,26,f72v3,"f72v3.28,&Lz",oeesaiin,oeesaiin
Leo,27,f72v3,"f72v3.29,&Lz",oteesed,oteesed
Leo,28,f72v3,"f72v3.30,&Lz",opal,opal
Leo,29,f72v3,"f72v3.31,&Lz",otaly,otaly
Leo,30,f72v3,"f72v3.32,&Lz",okoly.yty,okoly.yty
Virgo,1,f72v2,"f72v2.2,@Lz",oeedey,oeedey
Virgo,2,f72v2,"f72v2.3,&Lz",oeeodaiin,oeeodaiin
Virgo,3,f72v2,"f72v2.4,&Lz",okeoram,okeoram
Virgo,4,f72v2,"f72v2.5,&Lz",airoim,airoim
Virgo,5,f72v2,"f72v2.6,&Lz",oshesy,oshesy
Virgo,6,f72v2,"f72v2.7,&Lz",okeory,okeory
Virgo,7,f72v2,"f72v2.8,&Lz",cheoekey,cheoekey
Virgo,8,f72v2,"f72v2.9,&Lz",cheoldy,cheoldy
Virgo,9,f72v2,"f72v2.10,&Lz",sheoeky,sheoeky
Virgo,10,f72v2,"f72v2.11,&Lz",oteodar,oteodar
Virgo,11,f72v2,"f72v2.12,&Lz",opchdysd,opchdysd
Virgo,12,f72v2,"f72v2.13,&Lz",oteeod,oteeod
Virgo,13,f72v2,"f72v2.14,&Lz",yteody,yteody
Virgo,14,f72v2,"f72v2.15,&Lz",okeody,okeody
Virgo,15,f72v2,"f72v2.16,&Lz",okeoldy,okeoldy
Virgo,16,f72v2,"f72v2.17,&Lz",ykeeor,ykeeor
Virgo,17,f72v2,"f72v2.18,&Lz",opaiinam,opaiinam
Virgo,18,f72v2,"f72v2.19,&Lz",cheoldy,cheoldy
Virgo,19,f72v2,"f72v2.21,@Lz",okaiin,okaiin
Virgo,20,f72v2,"f72v2.22,&Lz",ockhol,ockhol
Virgo,21,f72v2,"f72v2.23,&Lz",oeedy,oeedy
Virgo,22,f72v2,"f72v2.24,&Lz",opalg,opalg
Virgo,23,f72v2,"f72v2.25,&Lz",okeeom,okeeom
Virgo,24,f72v2,"f72v2.26,&Lz",olkar,olkar
Virgo,25,f72v2,"f72v2.27,&Lz",oeedaly,oeedaly
Virgo,26,f72v2,"f72v2.28,&Lz",cheosy,cheosy
Virgo,27,f72v2,"f72v2.29,&Lz",opcheyy,opcheyy
Virgo,28,f72v2,"f72v2.30,&Lz",yteedy,yteedy
Virgo,29,f72v2,"f72v2.31,&Lz",onaiin,onaiin
Virgo,30,f72v2,"f72v2.32,&Lz",okeorar,okeorar
Libra,1,f72v1,"f72v1.2,@Lz",oeeoty,oeeoty
Libra,2,f72v1,"f72v1.3,&Lz",octhy,octhy
Libra,3,f72v1,"f72v1.4,&Lz",oteoly,oteoly
Libra,4,f72v1,"f72v1.5,&Lz",okeoly,okeoly
Libra,5,f72v1,"f72v1.6,&Lz",oeees,oeees
Libra,6,f72v1,"f72v1.7,&Lz",ocfshy,ocfshy
Libra,7,f72v1,"f72v1.8,&Lz",oees,oees
Libra,8,f72v1,"f72v1.9,&Lz",okeeoly,okeeoly
Libra,9,f72v1,"f72v1.10,&Lz",odal,odal
Libra,10,f72v1,"f72v1.11,&Lz",aiinod,aiinod
Libra,11,f72v1,"f72v1.12,&Lz",odady,odady
Libra,12,f72v1,"f72v1.13,&Lz",oteod,oteod
Libra,13,f72v1,"f72v1.14,&Lz",yteod,yteod
Libra,14,f72v1,"f72v1.15,&Lz",okeeody,okeeody
Libra,15,f72v1,"f72v1.16,&Lz",okal,okal
Libra,16,f72v1,"f72v1.17,&Lz",ytaly,ytaly
Libra,17,f72v1,"f72v1.18,&Lz",oeeeos,oeeeos
Libra,18,f72v1,"f72v1.19,&Lz",oteofy,oteofy
Libra,19,f72v1,"f72v1.20,&Lz",cheoepy,cheoepy
Libra,20,f72v1,"f72v1.21,&Lz",ykeedy,ykeedy
Libra,21,f72v1,"f72v1.23,@Lz",oeeoly,oeeoly
Libra,22,f72v1,"f72v1.24,&Lz",okydy,okydy
Libra,23,f72v1,"f72v1.25,&Lz",okeey,okeey
Libra,24,f72v1,"f72v1.26,&Lz",oiiny,oiiny
Libra,25,f72v1,"f72v1.27,&Lz",oeey,oeey
Libra,26,f72v1,"f72v1.28,&Lz",okedy,okedy
Libra,27,f72v1,"f72v1.29,&Lz",ypaim,ypaim
Libra,28,f72v1,"f72v1.30,&Lz",okalair,okalair
Libra,29,f72v1,"f72v1.31,&Lz",oeeody,oeeody
Libra,30,f72v1,"f72v1.32,&Lz",okeal,okeal
Scorpio,1,f73r,"f73r.1,@Lz",otaly,otaly
Scorpio,2,f73r,"f73r.2,&Lz",chockhy,chockhy
Scorpio,3,f73r,"f73r.3,&Lz",okedy,okedy
Scorpio,4,f73r,"f73r.4,&Lz",yteeody,yteeody
Scorpio,5,f73r,"f73r.6,@Lz",otaly,otaly
Scorpio,6,f73r,"f73r.7,&Lz",okeody,okeody
Scorpio,7,f73r,"f73r.8,&Lz",oteedyl,oteedyl
Scorpio,8,f73r,"f73r.9,&Lz",ykeedy,ykeedy
Scorpio,9,f73r,"f73r.10,&Lz",okeey,okeey
Scorpio,10,f73r,"f73r.11,&Lz",okeedy,okeedy
Scorpio,11,f73r,"f73r.12,&Lz",ykeeory,ykeeory
Scorpio,12,f73r,"f73r.13,&Lz",oteeosy,oteeosy
Scorpio,13,f73r,"f73r.14,&Lz",shekal,shekal
Scorpio,14,f73r,"f73r.15,&Lz",oteedyy,oteedyy
Scorpio,15,f73r,"f73r.16,&Lz",otedal,otedal
Scorpio,16,f73r,"f73r.17,&Lz",chdy,chdy
Scorpio,17,f73r,"f73r.18,&Lz",dalshey,dalshey
Scorpio,18,f73r,"f73r.19,&Lz",opaiin,opaiin
Scorpio,19,f73r,"f73r.20,&Lz",okeos,okeos
Scorpio,20,f73r,"f73r.21,&Lz",otey,otey
Scorpio,21,f73r,"f73r.23,@Lz",otary,otary
Scorpio,22,f73r,"f73r.24,&Lz",okeeody,okeeody
Scorpio,23,f73r,"f73r.25,&Lz",oyteedy,oyteedy
Scorpio,24,f73r,"f73r.26,&Lz",oky,oky
Scorpio,25,f73r,"f73r.27,&Lz",chefy,chefy
Scorpio,26,f73r,"f73r.28,&Lz",otal,otal
Scorpio,27,f73r,"f73r.29,&Lz",chek,chek
Scorpio,28,f73r,"f73r.30,&Lz",ar,ar
Scorpio,29,f73r,"f73r.31,&Lz",kar,kar
Scorpio,30,f73r,"f73r.32,&Lz",okeeos,okeeos
Sagittarius,1,f73v,"f73v.1,@Lz",okal,okal
Sagittarius,2,f73v,"f73v.2,&Lz",oteody,oteody
Sagittarius,3,f73v,"f73v.3,&Lz",oteedy,oteedy
Sagittarius,4,f73v,"f73v.4,&Lz",eeeody,eeeody
Sagittarius,5,f73v,"f73v.6,@Lz",okeody,okeody
Sagittarius,6,f73v,"f73v.7,&Lz",sheol,sheol
Sagittarius,7,f73v,"f73v.8,&Lz",odees,odees
Sagittarius,8,f73v,"f73v.9,&Lz",echsy,echsy
Sagittarius,9,f73v,"f73v.10,&Lz",ykeor,ykeor
Sagittarius,10,f73v,"f73v.11,&Lz",ofals,ofals
Sagittarius,11,f73v,"f73v.12,&Lz",ykeody,ykeody
Sagittarius,12,f73v,"f73v.13,&Lz",oteody,oteody
Sagittarius,13,f73v,"f73v.14,&Lz",ypaiir,ypaiir
Sagittarius,14,f73v,"f73v.15,&Lz",yfaiiny,yfaiiny
Sagittarius,15,f73v,"f73v.16,&Lz",ofcheesy,ofcheesy
Sagittarius,16,f73v,"f73v.17,&Lz",oraiiny,oraiiny
Sagittarius,17,f73v,"f73v.18,&Lz",ykeeody,ykeeody
Sagittarius,18,f73v,"f73v.19,&Lz",okeos,okeos
Sagittarius,19,f73v,"f73v.20,&Lz",ykeear,ykeear
Sagittarius,20,f73v,"f73v.21,&Lz",qokeoly,qokeoly
Sagittarius,21,f73v,"f73v.23,@Lz",otedy,otedy
Sagittarius,22,f73v,"f73v.24,&Lz",eeed,eeed
Sagittarius,23,f73v,"f73v.25,&Lz",oty,oty
Sagittarius,24,f73v,"f73v.26,&Lz",aiain,aiain
Sagittarius,25,f73v,"f73v.27,&Lz",okal,okal
Sagittarius,26,f73v,"f73v.28,&Lz",ykey,ykey
Sagittarius,27,f73v,"f73v.29,&Lz",ykeee,ykeee
Sagittarius,28,f73v,"f73v.30,&Lz",okeod,okeod
Sagittarius,29,f73v,"f73v.31,&Lz",ykey,ykey
Sagittarius,30,f73v,"f73v.32,&Lz",apal,apal
