hypothesis_id,folio_scope,external_system,observable_basis,unique_prediction,negative_control,pass_condition,fail_condition,priority,status
H_CAL_LUNAR_01,"f67r-f69r","lunar calendar / computus","circular and radiating celestial diagrams","one preregistered denominator among 28,29,30 plus stable quarter boundaries outperforms alternatives","rotated boundaries and random ring permutations","held-out boundary score above 95% of permutations","no stable denominator or phase transfer",HIGH,CANDIDATE_ONLY
H_ZOD_DECAN_01,"f70v-f73v","zodiac degrees versus decans versus half-panels","rings with approximately 30 peripheral figures","structural boundaries prefer period 10 or 15 under frozen indexing","random phase and unequal segment models","preregistered held-out 10-vs-15 result passes","neither model beats null",HIGHEST,PREREGISTERED_ELSEWHERE
H_FOUR_OPPOSITIONS_01,"f57v plus held-out four-part diagrams","four qualities / humours / elements / seasons","four figures around a concentric centre","one of three possible pairings predicts an independent visual or text feature on held-out diagrams","all sector-label permutations","prediction exceeds 95% of permutations on at least three held-out diagrams","orientation must be changed page by page or effect vanishes",HIGH,CANDIDATE_ONLY
H_BALNEO_ROLE_01,"f75r-f84v","balneology and humoral treatment","figures immersed in fluids with basins and channels","entry exit centre perimeter and immersion roles predict local text profiles across pages","same-size random loci and degree-preserving graph rewires","cross-page role classifier exceeds preregistered baseline on held-out pages","roles do not transfer or only page identity is learned",HIGHEST,CANDIDATE_ONLY
H_ALCH_PROCESS_01,"f75r-f84v","alchemical operational sequence","repeated vessels channels immersion and bodily allegory","pages form a repeatable partial order of operational states with consistent text transitions","random page orders and reversed edges","same transition grammar recurs in independent page groups","no reproducible order or every page requires a new interpretation",MEDIUM,CANDIDATE_ONLY
H_NINE_COSMOS_01,"f85v-f86r","nine celestial spheres / macrocosm-microcosm","nine connected medallions","network centrality and attributes map to a frozen nine-level cosmological order better than arbitrary nine-label assignments","all 9! label permutations sampled deterministically","historical order predicts at least two unused attributes on held-out medallions","fit depends only on number nine or arbitrary relabelling performs equally",MEDIUM,CANDIDATE_ONLY
H_PHARMA_CLASS_01,"f87r-f102v","materia medica antidotary medicinal waters","plant parts shown with recurring vessel forms","vessel class and plant-part class jointly predict adjacent text formula features","shuffle vessels within page and plant parts across pages","held-out prediction beats either feature alone and shuffled controls","no text association after controlling for page",HIGH,CANDIDATE_ONLY
H_RECIPE_MARKER_01,"f103r-f116v","recipe book / lunarium / timed treatment list","short entries preceded by star-like markers","marker morphology predicts entry class and links to one earlier section's labels","random marker-entry reassignment within folio","predefined marker classes predict held-out text features","marker classes are unstable or no predictive association",HIGH,CANDIDATE_ONLY
H_BOT_QUALITY_01,"botanical folios","humoral qualities or planetary plant classes","repeated roots leaves stems and flower structures across different plants","shared component morphology predicts shared text features independently of whole-plant similarity","matched random components with same area and colour","component-level transfer remains significant on held-out folios","effect disappears after page or scribal controls",HIGH,CANDIDATE_ONLY
