scan_id,folio,width,height,sha256,icc,category,model_count,model_ids,semantic_inventory_complete,all_individual_drawings_verified,status
s0001,Front cover,2931,3865,e5ec7be49ff17b8ea978ecaecd803ae04b6e6f4ee92cdfdd3be44ba6c4615839,sRGB.icc,Okładki,0,,False,False,SOURCE_OK; COVER_IN_CODEX
s0002,Inside front cover,2812,3797,e7f7d73abd797dfcd2530e9687e700280991751f280e99225c5e53b0c6ff5586,sRGB.icc,Okładki,0,,False,False,SOURCE_OK; COVER_IN_CODEX
s0003,1r,2972,3766,0dec17193df396c44fc415b48c1fe7302b670526ccb171651ff5d5bd0a8dd57f,sRGB.icc,Tekst i drobne znaki,1,marginal_s0003,False,False,SOURCE_OK; CANDIDATE_MODELS
s0004,1v,2804,3797,4c90b1a03587dcef05fd673ea302358fc1c9ad2884d093c9faaee39c7e205d77,sRGB.icc,Rośliny,1,s0004,False,False,SOURCE_OK; CANDIDATE_MODELS
s0005,2r,2691,3770,9ad1ee866c7cf81e40ab88038444893c8691b253217141bb784fcfab49e4fc4f,sRGB.icc,Rośliny,1,s0005,False,False,SOURCE_OK; CANDIDATE_MODELS
s0006,2v,2771,3797,f59ccf208f1d5a12096a8579f93dab2e49a4e306b240b8b21c82a9e873f1d90a,sRGB.icc,Rośliny,1,s0006,False,False,SOURCE_OK; CANDIDATE_MODELS
s0007,3r,2691,3770,679c4a73f2b658c832f8e064eb119c1877d09ce5992b35eb5316eb7b810154d6,sRGB.icc,Rośliny,1,s0007,False,False,SOURCE_OK; CANDIDATE_MODELS
s0008,3v,2762,3797,920add9b9c39e736bd540be666e95ed198516998bf71bf4daf77dbfdfadde3b0,sRGB.icc,Rośliny,1,s0008,False,False,SOURCE_OK; CANDIDATE_MODELS
s0009,4r,2682,3740,6f7845f7fc85cd17dab7c3605399ca0bee7f47a05a18d8376b063c922c72602f,sRGB.icc,Rośliny,1,s0009,False,False,SOURCE_OK; CANDIDATE_MODELS
s0010,4v,2768,3797,763035b81f54577cb78cdbc44a849a23ac2c48c929e9ac0026bf5ded6149d9b6,sRGB.icc,Rośliny,1,s0010,False,False,SOURCE_OK; CANDIDATE_MODELS
s0011,5r,2636,3723,7faed82fdc378c97ab8d987fe718654cc68dee58389062eb12ab91084bd10b29,sRGB.icc,Rośliny,1,s0011,False,False,SOURCE_OK; CANDIDATE_MODELS
s0012,5v,2759,3797,b42019c7a30adf94da6fbc6086b05a9c796b3da8da71c169dd99aadb355718b8,sRGB.icc,Rośliny,1,s0012,False,False,SOURCE_OK; CANDIDATE_MODELS
s0013,6r,2662,3727,b4386ec75cf3e9a240136741568c67f6aee2c389fd71cc2842ca3aa7693531d0,sRGB.icc,Rośliny,1,s0013,False,False,SOURCE_OK; CANDIDATE_MODELS
s0014,6v,2753,3797,edb1cd875c47769574005f36b95c33905d4c19b2fb6aaa9720053630fae7cbfb,sRGB.icc,Rośliny,1,s0014,False,False,SOURCE_OK; CANDIDATE_MODELS
s0015,7r,2656,3721,8244e4f4d5abf115b5222c3e71a20f6fc777c06e61901c3c12253e3a08de3457,sRGB.icc,Rośliny,1,s0015,False,False,SOURCE_OK; CANDIDATE_MODELS
s0016,7v,2806,3797,6cf071197371ddb2ea9b634a03b4a60e871c4899496bd61ae63539b80b10d273,sRGB.icc,Rośliny,1,s0016,False,False,SOURCE_OK; CANDIDATE_MODELS
s0017,8r,2660,3719,e740b63851bb3a968a7ed7dc26cf6882b1068b0f63cc2ca7240c142bb57a848e,sRGB.icc,Rośliny,1,s0017,False,False,SOURCE_OK; CANDIDATE_MODELS
s0018,8v,2791,3797,36cdfeb78a014393a67c6d8d888346f591b196ece0b4b24a6f53622e2418c7a0,sRGB.icc,Rośliny,1,s0018,False,False,SOURCE_OK; CANDIDATE_MODELS
s0019,9r,2691,3737,0b2d9178ccf16696ab4b8f4379a476fe1230ade92ac72b2537add463c1565340,sRGB.icc,Rośliny,1,s0019,False,False,SOURCE_OK; CANDIDATE_MODELS
s0020,9v,2812,3797,56c80277a52e6fd85659e6eb6f062b6d360851fc06f725b5924cca6543c1bd77,sRGB.icc,Rośliny,1,s0020,False,False,SOURCE_OK; CANDIDATE_MODELS
s0021,10r,2691,3739,ab22d0c20cc0c4e754236a32960c650c7275ac9a51e0dd33c91060694cb6ac05,sRGB.icc,Rośliny,1,s0021,False,False,SOURCE_OK; CANDIDATE_MODELS
s0022,10v,2839,3797,c96eca30cefc3e9b7f89fddae756634f3e94a011079417f6114640ce147787ad,sRGB.icc,Rośliny,1,s0022,False,False,SOURCE_OK; CANDIDATE_MODELS
s0023,11r,2672,3744,9baeca75f52ec7eeb8e6f22fc44299af5f3cf05657db14a07875c862c4ecd73a,sRGB.icc,Rośliny,1,s0023,False,False,SOURCE_OK; CANDIDATE_MODELS
s0024,11v,2825,3775,227bf3f3bff6a17e0691460e89ea374739a84ca5b43de15b2cc2101e67989d32,sRGB.icc,Rośliny,1,s0024,False,False,SOURCE_OK; CANDIDATE_MODELS
s0025,13r,2601,3723,454eb5f05db936ed0cf729c3881af0ded0993bc116246c6c8fd0c2789f4e9833,sRGB.icc,Rośliny,1,s0025,False,False,SOURCE_OK; CANDIDATE_MODELS
s0026,13v,2812,3770,03ef9b2b0b18ae104bdba4eb7dd3f2c91069cd998b33ce9e6336eb4e89a784fa,sRGB.icc,Rośliny,1,s0026,False,False,SOURCE_OK; CANDIDATE_MODELS
s0027,14r,2662,3739,47f12318b2d7e1523fe36ec72ca5ef81c2c64a5bbdf0617193b2273ce439161c,sRGB.icc,Rośliny,1,s0027,False,False,SOURCE_OK; CANDIDATE_MODELS
s0028,14v,2812,3772,3dfdaf7a16e593da0e1d744bbfa65294f0bbb105d13b05350a3c82c8d8bca16b,sRGB.icc,Rośliny,1,s0028,False,False,SOURCE_OK; CANDIDATE_MODELS
s0029,15r,2648,3729,a3288c515c5f2dea124317a36a63e638d4f1727d97852eb45eede7886f04b899,sRGB.icc,Rośliny,1,s0029,False,False,SOURCE_OK; CANDIDATE_MODELS
s0030,15v,2835,3776,828fd948a091aa1d6da8724f939bac38481ca7d4f23d4f4c154fe57b4ab6367a,sRGB.icc,Rośliny,1,s0030,False,False,SOURCE_OK; CANDIDATE_MODELS
s0031,16r,2658,3758,3d01f01d049b5e2a5b00997eaf1bb4b39954723db8158f37f5f647805f756d2e,sRGB.icc,Rośliny,1,s0031,False,False,SOURCE_OK; CANDIDATE_MODELS
s0032,16v,2840,3793,a361e78571455ab185d7e0e9ae6cdbc45b32348ebe02a2f1afdf3776282839f1,sRGB.icc,Rośliny,1,s0032,False,False,SOURCE_OK; CANDIDATE_MODELS
s0033,17r,2649,3743,53fde2925bbb438555c1bc3e1f6a60fed73b44ef5c68eea531241e42553882f6,sRGB.icc,Rośliny,1,s0033,False,False,SOURCE_OK; CANDIDATE_MODELS
s0034,17v,2843,3775,63ba393bf3615b94194e411643349790269bd9844917c857e40f692da41a3f2b,sRGB.icc,Rośliny,1,s0034,False,False,SOURCE_OK; CANDIDATE_MODELS
s0035,18r,2649,3743,750db2b46fdf2f022a95929837df30f62d4090f1e60dd0d19c15553606e95636,sRGB.icc,Rośliny,1,s0035,False,False,SOURCE_OK; CANDIDATE_MODELS
s0036,18v,2846,3781,f5ef48d6375f8986cf81dc9a21d3b80c861776aa7f5bae687ed8bee9167e4aa6,sRGB.icc,Rośliny,1,s0036,False,False,SOURCE_OK; CANDIDATE_MODELS
s0037,19r,2649,3743,05d8dcda10ea392cc4a3b99ab600d8b22b289828de4df28360fdd80f8fe63bea,sRGB.icc,Rośliny,1,s0037,False,False,SOURCE_OK; CANDIDATE_MODELS
s0038,19v,2849,3769,d9f572a30198273c81bcd554eef30203e8b013960f8b379dc363c9bb5b0166e1,sRGB.icc,Rośliny,1,s0038,False,False,SOURCE_OK; CANDIDATE_MODELS
s0039,20r,2649,3743,8888a4a715ffdc39e5a72a543f9fb2beb8c67f129e873a699cfc7560ae25d573,sRGB.icc,Rośliny,1,s0039,False,False,SOURCE_OK; CANDIDATE_MODELS
s0040,20v,2849,3769,86af7be12e1ce5311d5d7478ec94e0fc1e83870f20e0ba3a235f96c7d571bd1d,sRGB.icc,Rośliny,1,s0040,False,False,SOURCE_OK; CANDIDATE_MODELS
s0041,21r,2649,3743,bf9ad8e8c9b4e3b864dd637fb5f12f339e72a5e0edbb23a55731d27278e90e78,sRGB.icc,Rośliny,1,s0041,False,False,SOURCE_OK; CANDIDATE_MODELS
s0042,21v,2849,3769,438c550a0a5b3d9eed5977fed62cb4b91f98bb0f335cd7cb9561b13b71fd8725,sRGB.icc,Rośliny,1,s0042,False,False,SOURCE_OK; CANDIDATE_MODELS
s0043,22r,2649,3743,b42c5d8368fa63faab520abec837805628f3d595af72bcacc6d04c00e4f71e5b,sRGB.icc,Rośliny,1,s0043,False,False,SOURCE_OK; CANDIDATE_MODELS
s0044,22v,2849,3795,8800152a43e93745f815f2e28fdfffa315e6cc054045ad75423d2996c59d329c,sRGB.icc,Rośliny,1,s0044,False,False,SOURCE_OK; CANDIDATE_MODELS
s0045,23r,2650,3705,890e6cc9c8239fc90f760209da68f1cc6972de9d8738d33b6deaca50672ea449,sRGB.icc,Rośliny,1,s0045,False,False,SOURCE_OK; CANDIDATE_MODELS
s0046,23v,2849,3780,78efe9ac837f1f6a7d7b12d55a91cccbe62251a651b6792d0d5cf7fa504ef229,sRGB.icc,Rośliny,1,s0046,False,False,SOURCE_OK; CANDIDATE_MODELS
s0047,24r,2688,3719,43ba68261d6136628dea6380b1f295ccb37fdf4fed1d2954468b5ccc3df9de79,sRGB.icc,Rośliny,1,s0047,False,False,SOURCE_OK; CANDIDATE_MODELS
s0048,24v,2864,3771,3eb187fa2cabfc7a7451d346a6a5a31f440f917a6304a972fd557f6256a3505b,sRGB.icc,Rośliny,1,s0048,False,False,SOURCE_OK; CANDIDATE_MODELS
s0049,25r,2709,3743,2f4875bcee9b29b1df6c9930c05627e444078518419a4b4596a11a667d3f768a,sRGB.icc,Rośliny,1,s0049,False,False,SOURCE_OK; CANDIDATE_MODELS
s0050,25v,2863,3769,0f135a9525a84dfccf038a2221c7178dfbfb3b1a1fe4b6d0f62aeb6e8b655d73,sRGB.icc,Rośliny,1,s0050,False,False,SOURCE_OK; CANDIDATE_MODELS
s0051,26r,2727,3743,8fb401dfbbb918f9d0a2413f4359dd2b184b4875be858e6e0447cb3c3dfec3f8,sRGB.icc,Rośliny,1,s0051,False,False,SOURCE_OK; CANDIDATE_MODELS
s0052,26v,2849,3769,eeb4f25d265e140c308c05c0fb6a3e88fa28504e9e3f39055b96742984b42c11,sRGB.icc,Rośliny,1,s0052,False,False,SOURCE_OK; CANDIDATE_MODELS
s0053,27r,2708,3743,41f613edf58ead2c9ef76428ce8efc84bc811784c74dd7d49de5a44eec80e1c6,sRGB.icc,Rośliny,1,s0053,False,False,SOURCE_OK; CANDIDATE_MODELS
s0054,27v,2849,3769,a43a4d5c1671fe89ac1f96cd039b92aa77a921b02906fbc232795c171291ad8c,sRGB.icc,Rośliny,1,s0054,False,False,SOURCE_OK; CANDIDATE_MODELS
s0055,28r,2727,3743,9a4611d36626e8f3e7f6635704976260c0c154418a828be6cfdfe242d2573c36,sRGB.icc,Rośliny,1,s0055,False,False,SOURCE_OK; CANDIDATE_MODELS
s0056,28v,2885,3780,4ab4f4e48106f49eaf0d1e89f45a8c67ae8aacd0d858326206d1c9444ac5246c,sRGB.icc,Rośliny,1,s0056,False,False,SOURCE_OK; CANDIDATE_MODELS
s0057,29r,2718,3743,2020aa429265c045e3aae417067746298327e29d502e5fe04e468d4d4f73a466,sRGB.icc,Rośliny,1,s0057,False,False,SOURCE_OK; CANDIDATE_MODELS
s0058,29v,2876,3777,90adcbe72e79ba66646c2e68d0cd2e4962af7f20fd8de8d5eb4ff47b77c6b547,sRGB.icc,Rośliny,1,s0058,False,False,SOURCE_OK; CANDIDATE_MODELS
s0059,30r,2742,3743,594ee9e6dc6bd9b455d517c483928a31fa4584ae91da9c8d3826ad77c0a99c88,sRGB.icc,Rośliny,1,s0059,False,False,SOURCE_OK; CANDIDATE_MODELS
s0060,30v,2849,3769,358f716c42609ad7bbda661c32ff032135e724ba8563223e21bf7bc3bf22dfa4,sRGB.icc,Rośliny,1,s0060,False,False,SOURCE_OK; CANDIDATE_MODELS
s0061,31r,2717,3743,8aa5e248265c6ddb56320a9678ae39ad7e4620a2ca344b1e4da1f5dbf0904a8c,sRGB.icc,Rośliny,1,s0061,False,False,SOURCE_OK; CANDIDATE_MODELS
s0062,31v,2849,3769,8f4325121b8de57dc4c3ce92e4696064ccb070971ada10e9519e736bddd9bf2c,sRGB.icc,Rośliny,1,s0062,False,False,SOURCE_OK; CANDIDATE_MODELS
s0063,32r,2734,3731,199eaefc888de3a9b34b6360d3895ce767cc3b1d2fa5e96b6f12acc816399a28,sRGB.icc,Rośliny,1,s0063,False,False,SOURCE_OK; CANDIDATE_MODELS
s0064,32v,2849,3769,adac91056d04633a9712cce914e5a8a5c444678ebaab67bda258209ca27de639,sRGB.icc,Rośliny,1,s0064,False,False,SOURCE_OK; CANDIDATE_MODELS
s0065,33r,2766,3743,70f615f7f067e80d97515251e3226656a7523db666c457359060a028af3a6f90,sRGB.icc,Rośliny,1,s0065,False,False,SOURCE_OK; CANDIDATE_MODELS
s0066,33v,2871,3769,da3190d3d0f1200b4397c00e580cb25529737c5c74b215b5e6b3a69b40954f98,sRGB.icc,Rośliny,1,s0066,False,False,SOURCE_OK; CANDIDATE_MODELS
s0067,34r,2777,3743,a0d6ae8e9325fb8eb6e2048dd04d41afb96f48512a708172516000dc88a84950,sRGB.icc,Rośliny,1,s0067,False,False,SOURCE_OK; CANDIDATE_MODELS
s0068,34v,2881,3787,8add11785649e249837e7e21d817496b0dceca01272093f981e42058d497430e,sRGB.icc,Rośliny,1,s0068,False,False,SOURCE_OK; CANDIDATE_MODELS
s0069,35r,2793,3743,854b95a834ca63d311a28d63c5633a35cd9ef3ec64c0aa0ce9fe6949a1ea855e,sRGB.icc,Rośliny,1,s0069,False,False,SOURCE_OK; CANDIDATE_MODELS
s0070,35v,2853,3769,75a199bf081729c9456f820eb525064ea84e6b75c1087b5bc8452ed4cfa98cb3,sRGB.icc,Rośliny,1,s0070,False,False,SOURCE_OK; CANDIDATE_MODELS
s0071,36r,2793,3743,81bd7c33a29467b3d3e5bc4624f7c5b58080ea8c11ff0d9e49486f2457ddff78,sRGB.icc,Rośliny,1,s0071,False,False,SOURCE_OK; CANDIDATE_MODELS
s0072,36v,2849,3769,fd05a7ed07ae3ed44a7eaafbc1d7d98b930fe44ff76c84bef086a2abd1046226,sRGB.icc,Rośliny,1,s0072,False,False,SOURCE_OK; CANDIDATE_MODELS
s0073,37r,2793,3743,4daf7373cfed96fcd9e3d6cb6a9a50cf413e27cc93cf507fee17bee93d8f6d28,sRGB.icc,Rośliny,1,s0073,False,False,SOURCE_OK; CANDIDATE_MODELS
s0074,37v,2882,3769,e304a03ac91e9b4c776a92549b37a3e4a9b62480eafb5c12de2072641d12ff41,sRGB.icc,Rośliny,1,s0074,False,False,SOURCE_OK; CANDIDATE_MODELS
s0075,38r,2793,3743,535588ea55d30e65d945d773e196893169058bd8c6e618f5491ad4d2b3bf052b,sRGB.icc,Rośliny,1,s0075,False,False,SOURCE_OK; CANDIDATE_MODELS
s0076,38v,2882,3769,89f24ad3714c4f240b5d28dc9f088b1775fd6241368fa487f2229257f6a333ef,sRGB.icc,Rośliny,1,s0076,False,False,SOURCE_OK; CANDIDATE_MODELS
s0077,39r,2793,3743,8e5309d544a40eefdcffe97c34f93ae4959f8a356f158b7a4a47194a0382d412,sRGB.icc,Rośliny,1,s0077,False,False,SOURCE_OK; CANDIDATE_MODELS
s0078,39v,2882,3769,543f300efb87383bc6886357655e0c598b2279dc988708f379c4d40925e7b073,sRGB.icc,Rośliny,1,s0078,False,False,SOURCE_OK; CANDIDATE_MODELS
s0079,40r,2793,3734,0caecf35fb5d214dcf5a32e4acada4a75b91e0ff5420baa626eb1c4eff5289a1,sRGB.icc,Rośliny,1,s0079,False,False,SOURCE_OK; CANDIDATE_MODELS
s0080,40v,2882,3769,e520b4ea7e9a4c7148c7c74137d68a9b59f0be4cd32f95a0b2173451447963c1,sRGB.icc,Rośliny,1,s0080,False,False,SOURCE_OK; CANDIDATE_MODELS
s0081,41r,2840,3743,a04a52a9a47c9cd2da8dd4a1296926b679bb756f820d36fcba2127c9d0a382fa,sRGB.icc,Rośliny,1,s0081,False,False,SOURCE_OK; CANDIDATE_MODELS
s0082,41v,2882,3769,a1edc8acc0f8fb1c303243465d39eb593c96b9b0d90d3fd7eca58da7f7e95a92,sRGB.icc,Rośliny,1,s0082,False,False,SOURCE_OK; CANDIDATE_MODELS
s0083,42r,2843,3743,6c378cc6288d3501ffdc7de6fe1d8e76181a6ca89209604136574c80cd9aaa34,sRGB.icc,Rośliny,1,s0083,False,False,SOURCE_OK; CANDIDATE_MODELS
s0084,42v,2882,3769,a594904057cd5fbc6534eb1dfe8145f77f2be200dfebb51b7c9e12ded0d2570a,sRGB.icc,Rośliny,1,s0084,False,False,SOURCE_OK; CANDIDATE_MODELS
s0085,43r,2837,3751,1aae8ed0e480543f5b92fb6685750c47aa3c9831007dde01c912b48de662ec29,sRGB.icc,Rośliny,1,s0085,False,False,SOURCE_OK; CANDIDATE_MODELS
s0086,43v,2882,3769,746d5ab088f718ca52039c788e47d55daa6986338fd4ddeb10e0e35ffc5ce5c0,sRGB.icc,Rośliny,1,s0086,False,False,SOURCE_OK; CANDIDATE_MODELS
s0087,44r,2799,3728,5e7b5b3b98a8e9485b531f30337d15d5b0d265f245ceeb39752897394e6cc5ba,sRGB.icc,Rośliny,1,s0087,False,False,SOURCE_OK; CANDIDATE_MODELS
s0088,44v,2882,3769,1660a4cf0d84ef37467bc7ee35d90d6e30d2770040cc99a117ebc20eb2f15e82,sRGB.icc,Rośliny,1,s0088,False,False,SOURCE_OK; CANDIDATE_MODELS
s0089,45r,2823,3706,e4dba86cacbb2fe7f5eb3ffadf989b87c92fc9aafcb20d43b7b934586e6043ca,sRGB.icc,Rośliny,1,s0089,False,False,SOURCE_OK; CANDIDATE_MODELS
s0090,45v,2900,3769,652a91ac2e0108e9ad208589f29324070048dc7c7138436105ffe622679bfb42,sRGB.icc,Rośliny,1,s0090,False,False,SOURCE_OK; CANDIDATE_MODELS
s0091,46r,2865,3719,b7129aba2eefa41d47c3de3f925033c43ce3720c9c70cf57ef7f0cff650c40fa,sRGB.icc,Rośliny,1,s0091,False,False,SOURCE_OK; CANDIDATE_MODELS
s0092,46v,2938,3769,68530d9b6202089a0412b98a6c6040c0d3af8789a2931306dfe47a1b3448b9e5,sRGB.icc,Rośliny,1,s0092,False,False,SOURCE_OK; CANDIDATE_MODELS
s0093,47r,2826,3716,a2409c4dc074d3357361eaeab522980226a059689acd89e300f23ee6ed1cf256,sRGB.icc,Rośliny,1,s0093,False,False,SOURCE_OK; CANDIDATE_MODELS
s0094,47v,2932,3769,f5ebe8d483222d4d4cd19c243f1b9413234b6b38e2816028077b03f283af5199,sRGB.icc,Rośliny,1,s0094,False,False,SOURCE_OK; CANDIDATE_MODELS
s0095,48r,2859,3719,84e89d7693f63e621487c43a8bc4d71f6b4328ba2f2b57f1457820289c5e8f03,sRGB.icc,Rośliny,1,s0095,False,False,SOURCE_OK; CANDIDATE_MODELS
s0096,48v,2950,3769,c0ecc85912878c5c27ad64d560dd088e703ea95e68a87aaecb112a4aabcbe516,sRGB.icc,Rośliny,1,s0096,False,False,SOURCE_OK; CANDIDATE_MODELS
s0097,49r,2837,3762,3867443da3da3177728829b8a416aebfd15a1258f1cf320a5afea14efa2aba6b,sRGB.icc,Rośliny,1,s0097,False,False,SOURCE_OK; CANDIDATE_MODELS
s0098,49v,2935,3769,16c02094025bd63ebe2123ee73890600a8e526d50bf8c7250ad9435d20432be2,sRGB.icc,Rośliny,1,s0098,False,False,SOURCE_OK; CANDIDATE_MODELS
s0099,50r,2840,3751,cee5326ea7113a0b7be57ff78e7deb02aef8c854d16c8d5ddf7f9a90ee69d0ba,sRGB.icc,Rośliny,1,s0099,False,False,SOURCE_OK; CANDIDATE_MODELS
s0100,50v,2942,3769,c88634e83f7e5416ab8a9667046eafd72a6f1b03cb9840a5cd4225cc1ae77017,sRGB.icc,Rośliny,1,s0100,False,False,SOURCE_OK; CANDIDATE_MODELS
s0101,51r,2835,3764,a6a913b10451f624d9a350a3c0c29c073cbdc9d87aa6019f82660240bb2a7ba7,sRGB.icc,Rośliny,1,s0101,False,False,SOURCE_OK; CANDIDATE_MODELS
s0102,51v,2927,3769,45e84f386a735f99b09106fdb712d7df860a82f654785076a14c53123af4d842,sRGB.icc,Rośliny,1,s0102,False,False,SOURCE_OK; CANDIDATE_MODELS
s0103,52r,2826,3757,034c4e7b762fa81bc83a264e58fec03f702a6a34029b5bebbc9a36421e0a31d1,sRGB.icc,Rośliny,1,s0103,False,False,SOURCE_OK; CANDIDATE_MODELS
s0104,52v,2935,3769,158dba013a261dc4afe1e1f7b9935197d290ee5f367dcdf965233c210b7fa2a9,sRGB.icc,Rośliny,1,s0104,False,False,SOURCE_OK; CANDIDATE_MODELS
s0105,53r,2793,3707,1660487da4cc6617df4a96c45a48a3689f5596ebc877a6c7ee32bec5609692fb,sRGB.icc,Rośliny,1,s0105,False,False,SOURCE_OK; CANDIDATE_MODELS
s0106,53v,2940,3769,b06fc46a5f0019f3e7e946bc1e77e1dd4e762aba482ff3490fee5846f03b425d,sRGB.icc,Rośliny,1,s0106,False,False,SOURCE_OK; CANDIDATE_MODELS
s0107,54r,2793,3718,59638aee1400425707fea18e044643146c0a46b5bf406ee5e7f22057c5d6e348,sRGB.icc,Rośliny,1,s0107,False,False,SOURCE_OK; CANDIDATE_MODELS
s0108,54v,2999,3769,77d538ab3fe3e5b5f36ca558501761201eab1b2f948e81ca7051220d726fb99c,sRGB.icc,Rośliny,1,s0108,False,False,SOURCE_OK; CANDIDATE_MODELS
s0109,55r,2793,3738,96fd2241923bab8ce8e6a07038b7c8b639743cb631e3fbc80f55b3c42905103a,sRGB.icc,Rośliny,1,s0109,False,False,SOURCE_OK; CANDIDATE_MODELS
s0110,55v,2979,3769,523e53b50d93d2fab1b9b78d7d2f3c688b542f5ad83778aa6518ba1709c11873,sRGB.icc,Rośliny,1,s0110,False,False,SOURCE_OK; CANDIDATE_MODELS
s0111,56r,2793,3707,663601d04544bf8aafb94ffc0482c6f42033f9be84dc9ef093f40548a31cafe3,sRGB.icc,Rośliny,1,s0111,False,False,SOURCE_OK; CANDIDATE_MODELS
s0112,56v,2979,3769,15b31b12d413a62e7f82af670afae728eeffbfddef8f366eb0a93f0937e87c6f,sRGB.icc,Rośliny,1,s0112,False,False,SOURCE_OK; CANDIDATE_MODELS
s0113,57r,2823,3733,79e1331b56bd7d79fd0e138bff604284b39d305b6d3da7ec5af3b54944a68872,sRGB.icc,Rośliny,1,s0113,False,False,SOURCE_OK; CANDIDATE_MODELS
s0114,57v,3028,3769,f7b1610deda6b90543c51dc9654563c2f25c8fefc08a4953de046b40a4c05ce5,sRGB.icc,Diagramy,2,s0114|relief_s0114,False,False,SOURCE_OK; CANDIDATE_MODELS
s0115,58r,2793,3749,5f637173524e511b2b093ec7eab0977f2b4c1a2955a59a242ae81ceea74bd562,sRGB.icc,Tekst i drobne znaki,1,marginal_s0115,False,False,SOURCE_OK; CANDIDATE_MODELS
s0116,58v,2986,3769,53a8dcfcc68911689661f50b231fa4423982c21e598957c3bc4e398e1ff89573,sRGB.icc,Tekst i drobne znaki,1,marginal_s0116,False,False,SOURCE_OK; CANDIDATE_MODELS
s0117,65r,2793,3707,3111912af7573c5341ee52dadc22528b6a93ae552c4b6836df7fe70a937a466b,sRGB.icc,Rośliny,1,s0117,False,False,SOURCE_OK; CANDIDATE_MODELS
s0118,65v,3010,3769,b271ea9a53fb10425175943e308e349e298fed705b19c154624c7b59a198e36b,sRGB.icc,Rośliny,1,s0118,False,False,SOURCE_OK; CANDIDATE_MODELS
s0119,66r,2793,3707,47d6a239bb7dbdc8d5e1a2238f2e10cf533d8abb409338017761bd3aed0a7554,sRGB.icc,Tekst i drobne znaki,5,marginal_s0119|detail_f66r_figure|detail_f66r_vessel|detail_f66r_round_1|detail_f66r_round_2,False,False,SOURCE_OK; CANDIDATE_MODELS
s0120,66v,2997,3769,76a2953f4d0477e05c527f773b92724a1fe0b9b6818ce0fa82afcdb37f4dff0f,sRGB.icc,Rośliny,1,s0120,False,False,SOURCE_OK; CANDIDATE_MODELS
s0121,67r,4972,3738,f8b4e5c4a73b92af3d9a6e6bd5cdc7e43b3e9c5d721171aa969384198e1579e3,sRGB.icc,Diagramy,2,s0121|relief_s0121,False,False,SOURCE_OK; CANDIDATE_MODELS
s0122,67v,5059,3753,801fdf880a4fc356500df69a30ccd02f63f4be0f72d911506ebc1a9e131bccd2,sRGB.icc,Diagramy,2,s0122|relief_s0122,False,False,SOURCE_OK; CANDIDATE_MODELS
s0123,68r,7993,3828,79579366bae64d3fb52710f25c2950d2906e90b8c14ba861847ab58ccd0b51c6,sRGB.icc,Diagramy,2,s0123|relief_s0123,False,False,SOURCE_OK; CANDIDATE_MODELS
s0124,68v,8135,3843,917b3b9c11ba47916aa77577aefaaa388348461dc1e3abb3104192fd96371ee3,sRGB.icc,Diagramy,2,s0124|relief_s0124,False,False,SOURCE_OK; CANDIDATE_MODELS
s0125,69r,2793,3763,88d2c18503f04744aa0f14b0e3254c59fa06ca2425f1134a3bc0ffda6bd3fc79,sRGB.icc,Diagramy,2,s0125|relief_s0125,False,False,SOURCE_OK; CANDIDATE_MODELS
s0126,69v and 70r,8886,3876,f42841e04abe30b64711bd016d098f21901b779b12bca9ecae9171f596074009,sRGB.icc,Diagramy,2,s0126|relief_s0126,False,False,SOURCE_OK; CANDIDATE_MODELS
s0127,70v  part,3945,3772,3b6c8594dd71257a3eb341765e4459e69f0103c395fa2792de27a76c6c891bd3,sRGB.icc,Zodiak,1,s0127,False,False,SOURCE_OK; CANDIDATE_MODELS
s0128,70v  part,2979,3700,f4514fc2089a71c71c27c538498f2a049c37f93c16d3430fae55dc74f8a26ca6,sRGB.icc,Zodiak,1,s0128,False,False,SOURCE_OK; CANDIDATE_MODELS
s0129,71r,2793,3762,440fde32c1d2e9ec65ea3a125e108fa49d60c6ec4a1ea5aa2d7f5a2c3b989f11,sRGB.icc,Zodiak,1,s0129,False,False,SOURCE_OK; CANDIDATE_MODELS
s0130,71v and 72r,8865,3018,f296fdb5b4e384381fa67771316a08b7468c704c47d992a5f1407eaa1bf8e849,sRGB.icc,Zodiak,1,s0130,False,False,SOURCE_OK; CANDIDATE_MODELS
s0131,72v  part,5976,3794,b1bb56e20466c41448dad70b77cb95d935a43951d53e76b43b27926e1680b5fd,sRGB.icc,Zodiak,1,s0131,False,False,SOURCE_OK; CANDIDATE_MODELS
s0132,72v  part,2979,3712,528193c8d88000b49b094ff50f4f089588ef532a58a217cd9ba5a068b34d577b,sRGB.icc,Zodiak,1,s0132,False,False,SOURCE_OK; CANDIDATE_MODELS
s0133,73r,2834,3761,5bc8e07dbd61cc1f218cfc4449cd527be118aa7884878ec4c8e568e9c2d89bad,sRGB.icc,Zodiak,1,s0133,False,False,SOURCE_OK; CANDIDATE_MODELS
s0134,73v,2979,3724,7885728f69ce292f7fbd0198e5416b1d8ee1330748f666308f3f2fe7a21d2e6e,sRGB.icc,Zodiak,1,s0134,False,False,SOURCE_OK; CANDIDATE_MODELS
s0135,75r,2852,3759,b2ec3a214c2bdb6956674644021d748e011387fd40f9a2aa2d0f3fee23cae77d,sRGB.icc,Sceny i postacie,2,s0135|flows_s0135,False,False,SOURCE_OK; CANDIDATE_MODELS
s0136,75v,2868,3735,948b2b17bc917c50b8e30f51168402564f5e944af464f78a79b7f151cc3ac02e,sRGB.icc,Sceny i postacie,2,s0136|flows_s0136,False,False,SOURCE_OK; CANDIDATE_MODELS
s0137,76r,2793,3769,5c79ceec61a32d1551ccae6443b6f941dabe417248d2beda1d4b0be94ab19859,sRGB.icc,Tekst i drobne znaki,1,marginal_s0137,False,False,SOURCE_OK; CANDIDATE_MODELS
s0138,76v,2823,3712,4b40d2a1bd4d75e6d9dba4d53d12eb19d0353a697499c59d77e6952365bb9db5,sRGB.icc,Sceny i postacie,2,s0138|flows_s0138,False,False,SOURCE_OK; CANDIDATE_MODELS
s0139,77r,2793,3752,59ba155f89514e71bcbf0011233542ac2c60c11f655fc058d68ad3b89376cf8c,sRGB.icc,Sceny i postacie,2,s0139|flows_s0139,False,False,SOURCE_OK; CANDIDATE_MODELS
s0140,77v,2861,3697,22ba8129496c1975d400c38147094660ef5121b313c8fab4cd69d3a0cac37b72,sRGB.icc,Sceny i postacie,2,s0140|flows_s0140,False,False,SOURCE_OK; CANDIDATE_MODELS
s0141,78r,2793,3761,6e0f3449af81da50a04a060937fdcdb4c2e2b93be98bcb9b4bd523c1e1b35ce5,sRGB.icc,Sceny i postacie,2,s0141|flows_s0141,False,False,SOURCE_OK; CANDIDATE_MODELS
s0142,78v,2841,3706,ee145b3a24ff41739fd1774d455d60019828f9426f375cb020becde50ff4ac04,sRGB.icc,Sceny i postacie,2,s0142|flows_s0142,False,False,SOURCE_OK; CANDIDATE_MODELS
s0143,79r,2784,3755,5be18de3b3d831bf2a074e0d695cbc02cfcebd159d037a76169a7fd3885ec101,sRGB.icc,Sceny i postacie,2,s0143|flows_s0143,False,False,SOURCE_OK; CANDIDATE_MODELS
s0144,79v,2811,3714,b1ef7c61c6de659990a05db96ee68e23b1800e5369d613388458ee667d450c3d,sRGB.icc,Sceny i postacie,2,s0144|flows_s0144,False,False,SOURCE_OK; CANDIDATE_MODELS
s0145,80r,2793,3733,a7bcb8e49baa7c409ffc82632196c0388acacc56608d65211a8739f73e917db4,sRGB.icc,Sceny i postacie,2,s0145|flows_s0145,False,False,SOURCE_OK; CANDIDATE_MODELS
s0146,80v,2837,3712,995eb6dd53bc717b8cac52acbd861fc145fd810b05d22472c56ba726e1e79932,sRGB.icc,Sceny i postacie,2,s0146|flows_s0146,False,False,SOURCE_OK; CANDIDATE_MODELS
s0147,81r,2776,3737,0d036f695773f8450b9318676b0837bb1092443d81151b10f8854a09694c539c,sRGB.icc,Sceny i postacie,2,s0147|flows_s0147,False,False,SOURCE_OK; CANDIDATE_MODELS
s0148,81v,2835,3705,71c1bfb07d3329e7597dca6c2df5da79cb29e782ecc4485939e2f27470d79af3,sRGB.icc,Sceny i postacie,2,s0148|flows_s0148,False,False,SOURCE_OK; CANDIDATE_MODELS
s0149,82r,2753,3745,b11f595fca2f77ee547f31b38314f1b9d177c33b471e71be45f06a4efce20831,sRGB.icc,Sceny i postacie,2,s0149|flows_s0149,False,False,SOURCE_OK; CANDIDATE_MODELS
s0150,82v,2821,3709,8ca3b41a581cbd090701f1a2736bf539e6c8807eb9a9ee53bc54873a90d3454e,sRGB.icc,Sceny i postacie,2,s0150|flows_s0150,False,False,SOURCE_OK; CANDIDATE_MODELS
s0151,83r,2753,3745,1ea16d9a117f0c48b737f9aae88042567b157fd1fea9439f79fd74456bb34d90,sRGB.icc,Sceny i postacie,2,s0151|flows_s0151,False,False,SOURCE_OK; CANDIDATE_MODELS
s0152,83v,2858,3693,70c14102f8cc1ad645da192b32da86d127ff00b0fe4fd2aecd090f64b34416e0,sRGB.icc,Sceny i postacie,2,s0152|flows_s0152,False,False,SOURCE_OK; CANDIDATE_MODELS
s0153,84r,2753,3745,65b7fe96eed743b00d1b651e70309b00b6367424fda3d2792cbdafc6aef0f4f6,sRGB.icc,Sceny i postacie,2,s0153|flows_s0153,False,False,SOURCE_OK; CANDIDATE_MODELS
s0154,84v,2838,3697,a2d99f0a5126053ae8cffef66bd047faef90c95cc5dd64c0eb3eaa6474e35ea6,sRGB.icc,Sceny i postacie,2,s0154|flows_s0154,False,False,SOURCE_OK; CANDIDATE_MODELS
s0155,85r  part   part of 85-86 foldout,2775,3745,630363719d71b356384a71aaded860df772fd23ad28dd8e6dc2db9901b6e08a1,sRGB.icc,Tekst i drobne znaki,1,marginal_s0155,False,False,SOURCE_OK; CANDIDATE_MODELS
s0156,85r  part  86v  part   part of 85-86 foldout,7754,3890,719c844cb0ccf52acd6d8c1b6c381c706d439cdb9fd277ef25be73ba47e99f4f,sRGB.icc,Diagramy,2,s0156|relief_s0156,False,False,SOURCE_OK; CANDIDATE_MODELS
s0157,86v  part   part of 85-86 foldout,4897,3788,c3f9c2b497fb1ccbf9f6f0e10b240cbd79625165112a37470c3b509d86689616,sRGB.icc,Tekst i drobne znaki,6,flows_s0157|marginal_s0157|detail_f86v_NW|detail_f86v_NE|detail_f86v_SW|detail_f86v_SE,False,False,SOURCE_OK; CANDIDATE_MODELS
s0158,85v and 86r  foldout,7925,7268,db0bbfb090cfeee2301209c055ad65d5ca9d16c7fb6086206f827e315670e317,sRGB.icc,Diagramy,3,s0158|relief_s0158|spatial_s0158,False,False,SOURCE_OK; CANDIDATE_MODELS
s0159,87r,2753,3745,a3d7187587cef54413e9f22c9dcf3732aed0540b0b370cd6795e09e9e64e519c,sRGB.icc,Rośliny,1,s0159,False,False,SOURCE_OK; CANDIDATE_MODELS
s0160,87v,2893,3697,25285a855d38f59f2522e373c9dcd65d2fc52f23eee3826cbc18e8b6f5500232,sRGB.icc,Rośliny,1,s0160,False,False,SOURCE_OK; CANDIDATE_MODELS
s0161,88r,2714,3735,f1692570508fb83e588b65e3dd2d71404dd7f1c08d2ad3d46ff9d6821e1db8ef,sRGB.icc,Małe rośliny i naczynia,4,s0161|vessel_s0161_01|vessel_s0161_02|vessel_s0161_03,False,False,SOURCE_OK; CANDIDATE_MODELS
s0162,88v and 89r,9078,3777,7049c6388594445419386c9e8ee3516e41d2a5d8677734c43038318e2954ade6,sRGB.icc,Małe rośliny i naczynia,1,s0162,False,False,SOURCE_OK; CANDIDATE_MODELS
s0163,89v  part,4204,3809,1cec2d65c0f864359937b5e660f0b59d70352847b179195f17343dfa7f23fcd8,sRGB.icc,Małe rośliny i naczynia,4,s0163|vessel_s0163_01|vessel_s0163_02|vessel_s0163_03,False,False,SOURCE_OK; CANDIDATE_MODELS
s0164,89v  part  and 90r,7796,3761,bb6e87d7f58c5e72a94170e17d6c388b0e31718c6f21086a8ed8d6f8e39df2ae,sRGB.icc,Małe rośliny i naczynia,1,s0164,False,False,SOURCE_OK; CANDIDATE_MODELS
s0165,90r,2737,3752,7e198fbb676e5388ca1f8b20e74bdb995d2b32e78c5f51737c0db3e21f8bba60,sRGB.icc,Rośliny,1,s0165,False,False,SOURCE_OK; CANDIDATE_MODELS
s0166,90v  part,2838,3697,d1228390637e4847084003b0912bccfde51c8531fce40f6be2b1fde4658f25cf,sRGB.icc,Rośliny,1,s0166,False,False,SOURCE_OK; CANDIDATE_MODELS
s0167,93r,2718,3758,f15afe9c1de8b9093c8a5e394ec7ff68ae4156027f2bff8d00ff1c0712ab7514,sRGB.icc,Rośliny,1,s0167,False,False,SOURCE_OK; CANDIDATE_MODELS
s0168,93v,2838,3697,ed9a4f5e3c4be33611749ce05c303aa7553c5cf3523882d87d05c7aac86e0e32,sRGB.icc,Rośliny,1,s0168,False,False,SOURCE_OK; CANDIDATE_MODELS
s0169,94r,2728,3754,787d9d2f55a737b8eadfa2662f06743207d1d76b0dee252a64abd62216572468,sRGB.icc,Rośliny,1,s0169,False,False,SOURCE_OK; CANDIDATE_MODELS
s0170,94v and 95r,7642,3801,62b130c8d964ff83af6c95efa2d5950a7d2288c01145cc2676369ab1c90aec56,sRGB.icc,Rośliny,1,s0170,False,False,SOURCE_OK; CANDIDATE_MODELS
s0171,95v  part,2731,3750,7f6c70a788da007c7b4be55195c25b893f60afae1b111a07f75f97b218ca32d7,sRGB.icc,Rośliny,1,s0171,False,False,SOURCE_OK; CANDIDATE_MODELS
s0172,95v,2838,3697,0823cf43f54f4c8ce1bf0b4a70136203ff7622974099de2477782008d26232e4,sRGB.icc,Rośliny,1,s0172,False,False,SOURCE_OK; CANDIDATE_MODELS
s0173,96r,2699,3745,3b82ee2e5825561054ae80870b915eb4a349d70430926f4938eafdb9b6287a76,sRGB.icc,Rośliny,1,s0173,False,False,SOURCE_OK; CANDIDATE_MODELS
s0174,96v,2858,3697,82f8e57f3cf5d357161981c0e704eebe2d6c7a7473f7ea1301a55958d13e13d2,sRGB.icc,Rośliny,1,s0174,False,False,SOURCE_OK; CANDIDATE_MODELS
s0175,99r,2702,3765,618099d45e105b58a99f12b05d4905af78fab6045deb5d2f5da2649475bf1558,sRGB.icc,Małe rośliny i naczynia,5,s0175|vessel_s0175_01|vessel_s0175_02|vessel_s0175_03|vessel_s0175_04,False,False,SOURCE_OK; CANDIDATE_MODELS
s0176,99v,2802,3697,7a7ddcad5f10d7a493c82ff936b7c7625bd9200145e60348524bdf63ad730bdd,sRGB.icc,Małe rośliny i naczynia,1,s0176,False,False,SOURCE_OK; CANDIDATE_MODELS
s0177,100r,2676,3756,716a7bfe8c636b2e02b5678283251374b8299a2d3fd91f97ca13312b192c5117,sRGB.icc,Małe rośliny i naczynia,1,s0177,False,False,SOURCE_OK; CANDIDATE_MODELS
s0178,100v and 101r,7486,3715,0ad6ba73a3ce322ad0f1d310167b2619b5bf069672739d1dbee5b73fbc94a5d5,sRGB.icc,Małe rośliny i naczynia,1,s0178,False,False,SOURCE_OK; CANDIDATE_MODELS
s0179,101v  part,2698,3779,ad2dcf47893a9a7aaa682f0c8dd3b22153ade5352e9027ef52cdc6e3a7f3cec5,sRGB.icc,Małe rośliny i naczynia,1,s0179,False,False,SOURCE_OK; CANDIDATE_MODELS
s0180,101v  part  and 102r,8176,3864,d6b8802c6dd90f8a26ec8ecd6f5a6c71f7889f2779769f1ba087b7bc73f5da0b,sRGB.icc,Małe rośliny i naczynia,1,s0180,False,False,SOURCE_OK; CANDIDATE_MODELS
s0181,102v  part,2981,3795,7332098044c4f6361ee51f14bd98f0a93886fab225de4bc08d592e70bc243eb7,sRGB.icc,Małe rośliny i naczynia,1,s0181,False,False,SOURCE_OK; CANDIDATE_MODELS
s0182,102v  part,2838,3697,1e0d67dbd8939627a18ef2feb3170892c9b795e5e0afd9cfee07dea7d56c93b6,sRGB.icc,Małe rośliny i naczynia,1,s0182,False,False,SOURCE_OK; CANDIDATE_MODELS
s0183,103r,2688,3805,bf8446c9c709fa2814b7bdf4dfcc82b6faa660b954e7c772e6cb91d66a97bd7c,sRGB.icc,Tekst i drobne znaki,1,marginal_s0183,False,False,SOURCE_OK; CANDIDATE_MODELS
s0184,103v,2762,3697,b8442f3c29c70bf913d866586851f589fafdf5df26977222d7beacccc059de60,sRGB.icc,Tekst i drobne znaki,1,marginal_s0184,False,False,SOURCE_OK; CANDIDATE_MODELS
s0185,104r,2677,3811,d5bec2ec0afa6afc502837c93deb4e8db3ed0df2a0cb7314dc68631acf23b856,sRGB.icc,Tekst i drobne znaki,1,marginal_s0185,False,False,SOURCE_OK; CANDIDATE_MODELS
s0186,104v,2744,3704,c6caadfdcdcc2afb0351ecb3b9f94cdc8c61be0cf005aa16d16aea024e336ccd,sRGB.icc,Tekst i drobne znaki,1,marginal_s0186,False,False,SOURCE_OK; CANDIDATE_MODELS
s0187,105r,2662,3771,1f031f283ab07ad7ead14041fd836861f330eb4f588166358f36f5da234d3405,sRGB.icc,Tekst i drobne znaki,1,marginal_s0187,False,False,SOURCE_OK; CANDIDATE_MODELS
s0188,105v,2663,3701,a5d20d9cfe43179657491b2e1dc640f223921f48b07a7a11d2fef29a52704579,sRGB.icc,Tekst i drobne znaki,1,marginal_s0188,False,False,SOURCE_OK; CANDIDATE_MODELS
s0189,106r,2635,3787,c071fdf0ae67a732c1dfb9e2f76900371350b97b4e6d33fcbd684f8117e3af4b,sRGB.icc,Tekst i drobne znaki,1,marginal_s0189,False,False,SOURCE_OK; CANDIDATE_MODELS
s0190,106v,2670,3697,abb6fb64407c3cffcb63c27dafd11c9bbec437e36a5a2597591f8c9413feb60a,sRGB.icc,Tekst i drobne znaki,1,marginal_s0190,False,False,SOURCE_OK; CANDIDATE_MODELS
s0191,107r,2641,3787,7f9197ac6e419b4d2e4852f1b6fc9aa6159f96fe6c8c59dc1156f5179ecba6a1,sRGB.icc,Tekst i drobne znaki,1,marginal_s0191,False,False,SOURCE_OK; CANDIDATE_MODELS
s0192,107v,2689,3697,8103c5e8dbf410bfe722abe41574be9e336df16c603832d13a57ec448716d1a6,sRGB.icc,Tekst i drobne znaki,1,marginal_s0192,False,False,SOURCE_OK; CANDIDATE_MODELS
s0193,108r,2641,3787,099b9a2c1e9bf0817bd461aa2b9c9c0fe4dbacaa6adaa39352fc27a5781a18ee,sRGB.icc,Tekst i drobne znaki,1,marginal_s0193,False,False,SOURCE_OK; CANDIDATE_MODELS
s0194,108v,2649,3706,fb60d8fdb67ddebf5c908e210cd5885da8d1fa9dd8bf84da03d72077395d42b5,sRGB.icc,Tekst i drobne znaki,1,marginal_s0194,False,False,SOURCE_OK; CANDIDATE_MODELS
s0195,111r,2622,3783,f2e5e0c503573b682209ceb23d74cafa9451e1e6694ca6e0ab65d1a6dcc39fdb,sRGB.icc,Tekst i drobne znaki,1,marginal_s0195,False,False,SOURCE_OK; CANDIDATE_MODELS
s0196,111v,2666,3697,3627fe87d7d3dfa001f20277625388165f6ae790a98a86e949bbb36c995a35b9,sRGB.icc,Tekst i drobne znaki,1,marginal_s0196,False,False,SOURCE_OK; CANDIDATE_MODELS
s0197,112r,2602,3787,a2c0924f8816e477d9f20ceaa935592c95aad40a505e81c7027ef1438f3eafd0,sRGB.icc,Tekst i drobne znaki,1,marginal_s0197,False,False,SOURCE_OK; CANDIDATE_MODELS
s0198,112v,2664,3697,4ef226569ef778e7961c6d3a7ff113a64e2766166131c1103a1afc64219d9157,sRGB.icc,Tekst i drobne znaki,1,marginal_s0198,False,False,SOURCE_OK; CANDIDATE_MODELS
s0199,113r,2582,3787,6bf8bf2614a4777d4a9dd843bd2a910a85a255f5122f62de2fa8ec15cd1841b2,sRGB.icc,Tekst i drobne znaki,1,marginal_s0199,False,False,SOURCE_OK; CANDIDATE_MODELS
s0200,113v,2666,3697,396352719995acbbea9704024b72707dbf867811a99a48604e0d69d780d7fe67,sRGB.icc,Tekst i drobne znaki,1,marginal_s0200,False,False,SOURCE_OK; CANDIDATE_MODELS
s0201,114r,2599,3787,f0560783650ea1fa590d1dac025ff6b22d250b6dd828872e0a52c8c2ce70f470,sRGB.icc,Tekst i drobne znaki,1,marginal_s0201,False,False,SOURCE_OK; CANDIDATE_MODELS
s0202,114v,2671,3697,d6566160c2326f35770d0d3b3291fc4f30f6049969adf64f98387f6b453d518d,sRGB.icc,Tekst i drobne znaki,1,marginal_s0202,False,False,SOURCE_OK; CANDIDATE_MODELS
s0203,115r,2584,3786,a86f91588bfabded698cb705ac6cd4a9d71bb0efbcac736e2303cf9fc07f5908,sRGB.icc,Tekst i drobne znaki,1,marginal_s0203,False,False,SOURCE_OK; CANDIDATE_MODELS
s0204,115v,2676,3697,2122a49cedd0b7feef0ad8fa37961c678ebb02d2b125105f09be4e8255b767e0,sRGB.icc,Tekst i drobne znaki,1,marginal_s0204,False,False,SOURCE_OK; CANDIDATE_MODELS
s0205,116r,2559,3787,370c16a366a90197afb1d5a9e28833c95b47b879f3f5a119128656463c9d3e8f,sRGB.icc,Tekst i drobne znaki,1,marginal_s0205,False,False,SOURCE_OK; CANDIDATE_MODELS
s0206,116v,2686,3697,8ce4862c123bfce98f83ff9ee5ea1a77efa88f00aa30c6d0049df9e9db0e13ee,sRGB.icc,Tekst i drobne znaki,3,marginal_s0206|detail_f116v_animal|detail_f116v_figure,False,False,SOURCE_OK; CANDIDATE_MODELS
