archive	filename
1	0001__Front cover_.jpg
1	0002__Inside front cover_.jpg
1	0003_1r.jpg
1	0004_1v.jpg
1	0005_2r.jpg
1	0006_2v.jpg
1	0007_3r.jpg
1	0008_3v.jpg
1	0009_4r.jpg
1	0010_4v.jpg
1	0011_5r.jpg
1	0012_5v.jpg
1	0013_6r.jpg
1	0014_6v.jpg
1	0015_7r.jpg
1	0016_7v.jpg
1	0017_8r.jpg
1	0018_8v.jpg
1	0019_9r.jpg
1	0020_9v.jpg
1	0021_10r.jpg
1	0022_10v.jpg
1	0023_11r.jpg
2	0023_11r.jpg
2	0024_11v.jpg
2	0025_13r.jpg
2	0026_13v.jpg
2	0027_14r.jpg
2	0028_14v.jpg
2	0029_15r.jpg
2	0030_15v.jpg
2	0031_16r.jpg
2	0032_16v.jpg
2	0033_17r.jpg
2	0034_17v.jpg
2	0035_18r.jpg
2	0036_18v.jpg
2	0037_19r.jpg
2	0038_19v.jpg
2	0039_20r.jpg
2	0040_20v.jpg
2	0041_21r.jpg
2	0042_21v.jpg
2	0043_22r.jpg
2	0044_22v.jpg
3	0045_23r.jpg
3	0046_23v.jpg
3	0047_24r.jpg
3	0048_24v.jpg
3	0049_25r.jpg
3	0050_25v.jpg
3	0051_26r.jpg
3	0052_26v.jpg
3	0053_27r.jpg
3	0054_27v.jpg
3	0055_28r.jpg
3	0056_28v.jpg
3	0057_29r.jpg
3	0058_29v.jpg
3	0059_30r.jpg
3	0060_30v.jpg
3	0061_31r.jpg
3	0062_31v.jpg
3	0063_32r.jpg
3	0064_32v.jpg
3	0065_33r.jpg
3	0066_33v.jpg
4	0067_34r.jpg
4	0068_34v.jpg
4	0069_35r.jpg
4	0070_35v.jpg
4	0071_36r.jpg
4	0072_36v.jpg
4	0073_37r.jpg
4	0074_37v.jpg
4	0075_38r.jpg
4	0076_38v.jpg
4	0077_39r.jpg
4	0078_39v.jpg
4	0079_40r.jpg
4	0080_40v.jpg
4	0081_41r.jpg
4	0082_41v.jpg
4	0083_42r.jpg
4	0084_42v.jpg
4	0085_43r.jpg
4	0086_43v.jpg
4	0087_44r.jpg
4	0088_44v.jpg
5	0089_45r.jpg
5	0090_45v.jpg
5	0091_46r.jpg
5	0092_46v.jpg
5	0093_47r.jpg
5	0094_47v.jpg
5	0095_48r.jpg
5	0096_48v.jpg
5	0097_49r.jpg
5	0098_49v.jpg
5	0099_50r.jpg
5	0100_50v.jpg
5	0101_51r.jpg
5	0102_51v.jpg
5	0103_52r.jpg
5	0104_52v.jpg
5	0105_53r.jpg
5	0106_53v.jpg
5	0107_54r.jpg
5	0108_54v.jpg
5	0109_55r.jpg
5	0110_55v.jpg
6	0111_56r.jpg
6	0112_56v.jpg
6	0113_57r.jpg
6	0114_57v.jpg
6	0115_58r.jpg
6	0116_58v.jpg
6	0117_65r.jpg
6	0118_65v.jpg
6	0119_66r.jpg
6	0120_66v.jpg
6	0121_67r.jpg
6	0122_67v.jpg
6	0123_68r.jpg
6	0124_68v.jpg
6	0125_69r.jpg
8	0126_69v and 70r.jpg
8	0127_70v _part_.jpg
8	0128_70v _part_.jpg
8	0129_71r.jpg
8	0130_71v and 72r.jpg
8	0131_72v _part_.jpg
8	0132_72v _part_.jpg
8	0133_73r.jpg
8	0134_73v.jpg
8	0135_75r.jpg
8	0136_75v.jpg
8	0137_76r.jpg
8	0138_76v.jpg
8	0139_77r.jpg
8	0140_77v.jpg
8	0141_78r.jpg
8	0142_78v.jpg
9	0143_79r.jpg
9	0144_79v.jpg
9	0145_80r.jpg
9	0146_80v.jpg
9	0147_81r.jpg
9	0148_81v.jpg
9	0149_82r.jpg
9	0150_82v.jpg
9	0151_83r.jpg
9	0152_83v.jpg
9	0153_84r.jpg
9	0154_84v.jpg
9	0155_85r _part_ _part of 85-86 foldout_.jpg
9	0156_85r _part_ 86v _part_ _part of 85-86 foldout_.jpg
9	0157_86v _part_ _part of 85-86 foldout_.jpg
10	0158_85v and 86r _foldout_.jpg
10	0159_87r.jpg
10	0160_87v.jpg
10	0161_88r.jpg
10	0162_88v and 89r.jpg
10	0163_89v _part_.jpg
10	0164_89v _part_ and 90r.jpg
10	0165_90r.jpg
10	0166_90v _part_.jpg
10	0167_93r.jpg
10	0168_93v.jpg
10	0169_94r.jpg
10	0170_94v and 95r.jpg
10	0171_95v _part_.jpg
10	0172_95v.jpg
10	0173_96r.jpg
10	0174_96v.jpg
10	0175_99r.jpg
10	0176_99v.jpg
10	0177_100r.jpg
10	0178_100v and 101r.jpg
10	0179_101v _part_.jpg
10	0180_101v _part_ and 102r.jpg
10	0181_102v _part_.jpg
10	0182_102v _part_.jpg
10	0183_103r.jpg
10	0184_103v.jpg
10	0185_104r.jpg
10	0186_104v.jpg
10	0187_105r.jpg
11	0188_105v.jpg
11	0189_106r.jpg
11	0190_106v.jpg
11	0191_107r.jpg
11	0192_107v.jpg
11	0193_108r.jpg
11	0194_108v.jpg
11	0195_111r.jpg
11	0196_111v.jpg
11	0197_112r.jpg
11	0198_112v.jpg
11	0199_113r.jpg
11	0200_113v.jpg
11	0201_114r.jpg
11	0202_114v.jpg
11	0203_115r.jpg
11	0204_115v.jpg
11	0205_116r.jpg
11	0206_116v.jpg
