date,jd_ut,Sun,Moon,Jupiter,Saturn,Jupiter_Saturn_sep
1425-01-01,2241539.5,289.6568845353707,57.71654684581122,223.3679100558893,225.57958660392637,2.211676548037076
1425-01-02,2241540.5,290.67483791220087,72.41438182578607,223.5097219450366,225.6511239862335,2.1414020411968977
1425-01-03,2241541.5,291.6925647483364,87.38141885257234,223.64949027276512,225.7213522845559,2.0718620117907847
1425-01-04,2241542.5,292.7100650168054,102.4986370256117,223.78718076562527,225.79024903282493,2.003068267199666
1425-01-05,2241543.5,293.7273398840615,117.61730992015073,223.92275616080863,225.85778936840958,1.9350332076009522
1425-01-06,2241544.5,294.7443934225984,132.57944859120482,224.05617987700506,225.92394983689152,1.8677699598864592
1425-01-07,2241545.5,295.7612333349103,147.2424103324301,224.18741901444056,225.98871146301104,1.8012924485704787
1425-01-08,2241546.5,296.77786987941295,161.50000682996472,224.31644523799906,226.05206058116073,1.735615343161669
1425-01-09,2241547.5,297.79431327950635,175.29401874106972,224.44323346168352,226.11398739547698,1.6707539337934634
1425-01-10,2241548.5,298.81057088427985,188.61457925816478,224.5677594985913,226.1744834988856,1.6067240002942924
1425-01-11,2241549.5,299.8266452409194,201.49228193375663,224.68999810879367,226.2335397808973,1.543541672103629
1425-01-12,2241550.5,300.84253349887564,213.98659511768497,224.80992209187033,226.29114541082748,1.4812233189571486
1425-01-13,2241551.5,301.8582278218523,226.1742283896689,224.92750230271182,226.34728778323304,1.4197854805212273
1425-01-14,2241552.5,302.873716055128,238.13925538230305,225.04270797165208,226.40195277009371,1.3592447984416367
1425-01-15,2241553.5,303.8889823793946,249.96551114783747,225.15550702390294,226.45512500592983,1.2996179820268878
1425-01-16,2241554.5,304.90400788126675,261.7312191707703,225.26586636755246,226.50678814781162,1.240921780259157
1425-01-17,2241555.5,305.91877112502027,273.5055161912671,225.37375228129866,226.556925232315,1.1831729510163314
1425-01-18,2241556.5,306.9332487169322,285.34639499586774,225.47913089508918,226.60551913351142,1.126388238422237
1425-01-19,2241557.5,307.94741584020477,297.2997216587733,225.58196872488602,226.6525530709333,1.0705843460472693
1425-01-20,2241558.5,308.9612468545604,309.3993109078116,225.68223328077644,226.6980111534235,1.0157778726470497
1425-01-21,2241559.5,309.9747161448275,321.66820856886534,225.77989377501297,226.74187904010222,0.961985265089254
1425-01-22,2241560.5,310.9877991692799,334.12117775934365,225.87492190564578,226.78414465226425,0.9092227466184681
1425-01-23,2241561.5,312.00047353815705,346.76809342463264,225.9672924496661,226.8247987307412,0.8575062810751035
1425-01-24,2241562.5,313.01271975770834,359.6176856075879,226.0569834786967,226.86383500074967,0.8068515220529662
1425-01-25,2241563.5,314.02452149970446,12.680806563831174,226.14397603103075,226.901249851567,0.7572738205362555
1425-01-26,2241564.5,315.0358654635503,25.972165703457108,226.2282534355974,226.93704163166467,0.7087881960672746
1425-01-27,2241565.5,316.04674097720425,39.509530388206265,226.3098002833996,226.97120963918252,0.6614093557829221
1425-01-28,2241566.5,317.05713942255824,53.309862929932926,226.38860107217698,227.0037527795403,0.6151517073633102
1425-01-29,2241567.5,318.0670535061808,67.3825215367824,226.46463853486236,227.0346679390119,0.5700294041495511
1425-01-30,2241568.5,319.07647678197037,81.7202851681827,226.53789203468267,227.06394847987818,0.5260564451955076
1425-01-31,2241569.5,320.0854038270163,96.28982724651372,226.6083368472646,227.09158366817914,0.4832468209145304
1425-02-01,2241570.5,321.09383152582694,111.02460291393652,226.6759450349894,227.11755974102843,0.44161470603901876
1425-02-02,2241571.5,322.1017611123753,125.82415359170501,226.74068791318433,227.14186253871918,0.40117462553484984
1425-02-03,2241572.5,323.10919992468285,140.56291997992008,226.80253904484263,227.16448064048123,0.36194159563859785
1425-02-04,2241573.5,324.1161616369363,155.1080770662261,226.86147633914462,227.18540749271432,0.3239311535697027
1425-02-05,2241574.5,325.1226644062283,169.34140814282594,226.9174822081113,227.2046415348783,0.2871593267670107
1425-02-06,2241575.5,326.12872746492684,183.17801653462635,226.97054197691082,227.22218447006838,0.2516424931575614
1425-02-07,2241576.5,327.1343675435459,196.57645284480327,227.02064157951312,227.23803879688597,0.21739721737284867
1425-02-08,2241577.5,328.1395963368613,209.53915478998238,227.06776577566617,227.2522058595139,0.1844400838477327
1425-02-09,2241578.5,329.14441958423293,222.1058003725114,227.11189749527176,227.26468502723185,0.15278753196008665
1425-02-10,2241579.5,330.14883743480414,234.3433422086536,227.1530181058005,227.27547384107734,0.12245573527684428
1425-02-11,2241580.5,331.1528453503111,246.3356302950073,227.19110808672855,227.2845685952068,0.09346050847824472
1425-02-12,2241581.5,332.1564350468865,258.17420759153583,227.2261476455752,227.29196488314972,0.06581723757452096
1425-02-13,2241582.5,333.159595234607,269.9509086293121,227.25811719096382,227.29765801664635,0.03954082568253625
1425-02-14,2241583.5,334.1623121797898,281.75220800784234,227.28699773063255,227.30164339715256,0.014645666520010536
1425-02-15,2241584.5,335.1645701422249,293.65476652242984,227.31277133299585,227.30391692861275,0.0088544043831007
1425-02-16,2241585.5,336.16635175277054,305.7215960083469,227.33542167811197,227.30447550624442,0.030946171867554995
1425-02-17,2241586.5,337.1676384492806,317.998803458557,227.3549347311057,227.30331760351342,0.05161712759226589
1425-02-18,2241587.5,338.1684111476233,330.5135138271357,227.37129952080127,227.300443959363,0.07085556143826466
1425-02-19,2241588.5,339.1686511140436,343.2737681913412,227.38450894505067,227.2958582876508,0.08865065739988154
1425-02-20,2241589.5,340.1683408841289,356.27089288716,227.3945603229552,227.2895677431622,0.10499257979299159
1425-02-21,2241590.5,341.16746488428504,9.484300332401066,227.40145538617233,227.2815828569737,0.11987252919863067
1425-02-22,2241591.5,342.1660094551227,22.888027371212004,227.40519955477748,227.27191680545658,0.13328274932089812
1425-02-23,2241592.5,343.16396237135973,36.45756323633201,227.4058005997665,227.2605840691152,0.1452165306513109
1425-02-24,2241593.5,344.16131212628045,50.17499194506972,227.40326701536569,227.24759882788354,0.15566818748214928
1425-02-25,2241594.5,345.1580473900245,64.0306830975106,227.39760643284075,227.2329734563325,0.16463297650824416
1425-02-26,2241595.5,346.154156993717,78.02077197521135,227.38882450103463,227.2167174704386,0.17210703059603816
1425-02-27,2241596.5,347.1496306486443,92.14091643333052,227.37692448780948,227.19883727144605,0.17808721636342284
1425-02-28,2241597.5,348.14446044158984,106.37780010665891,227.3619078666376,227.1793368897706,0.18257097686699808
1425-03-01,2241598.5,349.13864288254,120.70063384108421,227.34377590262946,227.15821971816203,0.18555618446742983
1425-03-02,2241599.5,350.1321809525487,135.05561678907725,227.3225318229083,227.13549079968712,0.18704102322118388
1425-03-03,2241600.5,351.12508531846913,149.36636791724075,227.29818277861747,227.11115888012108,0.1870238984963919
1425-03-04,2241601.5,352.11737403188044,163.541810751613,227.27074077342874,227.0852373165029,0.18550345692582937
1425-03-05,2241602.5,353.10907042998724,177.49001547609183,227.2402221740267,227.0577435153264,0.18247865870031887
1425-03-06,2241603.5,354.100199811742,191.13376981721663,227.20664603935887,227.02869714325243,0.17794889610644304
1425-03-07,2241604.5,355.0907859408202,204.4230674747002,227.17003218522373,226.99811800262418,0.1719141825995507
1425-03-08,2241605.5,356.08084837228034,217.34154127385224,227.13039981186057,226.9660244696827,0.16437534217786265
1425-03-09,2241606.5,357.07040122474837,229.90659464933523,227.08776710681656,226.93243292171712,0.1553341850994343
1425-03-10,2241607.5,358.05945322000713,242.16486953189653,227.04215172182947,226.89735803957143,0.14479368225804023
1425-03-11,2241608.5,359.04800851031655,254.1852201631042,226.9935715770238,226.86081351916738,0.13275805785642092
1425-03-12,2241609.5,0.03606765406998272,266.05105347198037,226.9420456743029,226.8228128017868,0.11923287251610759
1425-03-13,2241610.5,1.02362846599212,277.85325749380644,226.88759468965767,226.78336960534924,0.10422508430843891
1425-03-14,2241611.5,2.0106866061801343,289.68411825270584,226.8302414042285,226.74249835408625,0.08774305014225092
1425-03-15,2241612.5,2.9972359519118683,301.63184523753745,226.77001114576802,226.70021454227856,0.06979660348946481
1425-03-16,2241613.5,3.9832688589948657,313.7750465463138,226.7069322586095,226.65653517215915,0.050397086450345796
1425-03-17,2241614.5,4.968776378543784,326.17692211416545,226.64103673799306,226.61147929164306,0.029557446349997463
1425-03-18,2241615.5,5.9537486784221425,338.8797032267487,226.57236092798925,226.5650686093423,0.007292318646960894
1425-03-19,2241616.5,6.938175550472698,351.90042140633375,226.5009462820678,226.51732816960435,0.016381887536567774
1425-03-20,2241617.5,7.922046952870971,5.2292707221122186,226.42683978432376,226.46828669662148,0.041446912297715244
1425-03-21,2241618.5,8.905353171325016,18.831687132829174,226.35009364492643,226.417976278245,0.06788263331856115
1425-03-22,2241619.5,9.888084375381538,32.65463788160179,226.2707640629165,226.36643114028257,0.09566707736607327
1425-03-23,2241620.5,10.870229745712013,46.63628393168041,226.18890914845875,226.31368565258663,0.12477650412787966
1425-03-24,2241621.5,11.85177668594577,60.716575548767096,226.10458670681984,226.25977223938648,0.1551855325666338
1425-03-25,2241622.5,12.832710871980938,74.84556090160068,226.0178525955294,226.20471993108907,0.1868673355596684
1425-03-26,2241623.5,13.81301746288664,88.98698623594736,225.9287603534055,226.1485541894408,0.21979383603530778
1425-03-27,2241624.5,14.792683354533313,103.11669175716095,225.83736204605722,226.09129800441303,0.25393595835581095
1425-03-28,2241625.5,15.771699850259216,117.21713231322491,225.74370998280764,226.0329737790771,0.2892637962694664
1425-03-29,2241626.5,16.75006488493726,131.27028767450506,225.64785863562344,225.97360541992387,0.3257467843004349
1425-03-30,2241627.5,17.727784357523422,145.25138772008435,225.54986614542503,225.91321990949302,0.3633537640679947
1425-03-31,2241628.5,18.704872196375405,159.12559975488108,225.44979501917032,225.85184804664277,0.40205302747244787
1425-04-01,2241629.5,19.68134924759864,172.84903519817092,225.34771188772334,225.78952416220315,0.4418122744798154
1425-04-02,2241630.5,20.65724110591928,186.37400768663386,225.2436864307194,225.72628500370473,0.4825985729853244
1425-04-03,2241631.5,21.632575385530625,199.65690783137063,225.13778983657772,225.66216807831546,0.5243782417377361
1425-04-04,2241632.5,22.607378950885984,212.6662633993112,225.03009330469854,225.59721005968356,0.5671167549850225
1425-04-05,2241633.5,23.58167571842378,225.38892566921567,224.92066716440596,225.5314457526723,0.6107785882663563
1425-04-06,2241634.5,24.55548549540211,237.8333577746315,224.80958070435068,225.4649078062849,0.6553271019342333
1425-04-07,2241635.5,25.528823760867873,250.02994358399621,224.69690271995515,225.39762715472884,0.7007244347736901
1425-04-08,2241636.5,26.501702213721543,262.02882497443744,224.5827022537005,225.3296337292292,0.7469314755286973
1425-04-09,2241637.5,27.474129518686656,273.89613600905244,224.46704937889945,225.2609572114185,0.7939078325190678
1425-04-10,2241638.5,28.446112080815574,285.7095995028605,224.35001574907696,225.19162761863325,0.8416118695562886
1425-04-11,2241639.5,29.417654635021712,297.5540834021694,224.23167500907027,225.12167575688107,0.8900007478108023
1425-04-12,2241640.5,30.38876060008041,309.5170233123265,224.11210321432543,225.05113363805413,0.9390304237286955
1425-04-13,2241641.5,31.35943225821764,321.6831685420595,223.99137916903766,224.98003485589305,0.9886556868553953
1425-04-14,2241642.5,32.32967085185895,334.12827743662706,223.86958482356386,224.90841496085076,1.038830137286908
1425-04-15,2241643.5,33.29947667200171,346.9119412238044,223.74680575523152,224.83631195440654,1.0895061991750197
1425-04-16,2241644.5,34.268849236514846,0.07024059614650227,223.62313166224666,224.76376677648528,1.14063511423862
1425-04-17,2241645.5,35.23778728750875,13.609421708370588,223.49865658511214,224.69082354741715,1.1921669623050093
1425-04-18,2241646.5,36.20628825008996,27.50236352292229,223.37347826704286,224.6175289958529,1.2440507288100378
1425-04-19,2241647.5,37.174346978346726,41.68988812332326,223.2476963584373,224.54393077757678,1.2962344191394664
1425-04-20,2241648.5,38.14195422291547,56.088085819289724,223.12140967869803,224.4700749402286,1.3486652615305843
1425-04-21,2241649.5,39.10909583001077,70.60061912247104,222.99471353007587,224.39600352717676,1.4012899971008892
1425-04-22,2241650.5,40.07575367920374,85.13265456343494,222.86769828935692,224.32175350438266,1.4540552150257327
1425-04-23,2241651.5,41.041908600712546,99.60234360195679,222.7404498925828,224.24735761724543,1.506907724662625
1425-04-24,2241652.5,42.00754443517563,113.94714703598584,222.6130519235743,224.17284677557294,1.559794851998646
1425-04-25,2241653.5,42.972651750359525,128.1246467846223,222.4855881729232,224.09825281760138,1.6126646446781763
1425-04-26,2241654.5,43.937229990746715,142.1092788745682,222.35814447887068,224.0236104671471,1.6654659882764236
1425-04-27,2241655.5,44.901287624978565,155.88706499661902,222.23080934292577,223.94895796031264,1.7181486173868734
1425-04-28,2241656.5,45.864840873170124,169.45030379396493,222.1036733719868,223.87433644409504,1.770663072108249
1425-04-29,2241657.5,46.82791164874512,182.79374626318202,221.97682812078716,223.79978877376354,1.822960652976377
1425-04-30,2241658.5,47.79052537242888,195.91307171561732,221.8503647552208,223.725358114407,1.8749933591861918
1425-05-01,2241659.5,48.75270889596526,208.80556695897522,221.72437280391097,223.6510866167425,1.9267138128315366
1425-05-02,2241660.5,49.71448862870711,221.4722031181111,221.59893923310074,223.57701443077346,1.978075197672723
1425-05-03,2241661.5,50.67588912219207,233.92017672168586,221.4741480154416,223.50317918211084,2.0290311666692276
1425-05-04,2241662.5,51.63693230553661,246.16528652017018,221.35008024385783,223.42961602284322,2.079535778985388
1425-05-05,2241663.5,52.597637321242246,258.2337890972142,221.22681472829376,223.35635818397478,2.1295434556810164
1425-05-06,2241664.5,53.55802083230195,270.16344142035825,221.10442869826886,223.28343767323042,2.1790089749615618
1425-05-07,2241665.5,54.51809748188421,282.0035283056836,220.98299844950984,223.21088595083228,2.227887501322442
1425-05-08,2241666.5,55.47788042380805,293.81392679278474,220.86259983176694,223.1387344512825,2.2761346195155454
1425-05-09,2241667.5,56.4373817523053,305.6634310115605,220.74330874341652,223.06701511440826,2.3237063709917436
1425-05-10,2241668.5,57.39661287542383,317.62739306260187,220.62520155304998,222.99576084751837,2.370559294468393
1425-05-11,2241669.5,58.35558467529499,329.78439387589486,220.50835546002165,222.92500589509103,2.4166504350693856
1425-05-12,2241670.5,59.31430744372929,342.2115377707675,220.39284873881826,222.85478610100387,2.4619373621856084
1425-05-13,2241671.5,60.27279075856263,354.9781684725504,220.2787609557789,222.78513913944207,2.5063781836631733
1425-05-14,2241672.5,61.23104335165504,8.138121637786199,220.16617319983112,222.71610476090837,2.549931561077244
1425-05-15,2241673.5,62.189072632237306,21.721022967875744,220.05516811690364,222.64772486495048,2.5925567480468317
1425-05-16,2241674.5,63.14688348843632,35.72388417889883,219.94582907583722,222.58004270646765,2.634213630630427
1425-05-17,2241675.5,64.10447609470579,50.105318589872354,219.8382381035838,222.5131009466467,2.674862843062897
1425-05-18,2241676.5,65.06184353535956,64.78528229193502,219.7324728789381,222.44693885263243,2.714465973694331
1425-05-19,2241677.5,66.01897077394376,79.65230213346558,219.62860407348566,222.38158992538172,2.7529858518960566
1425-05-20,2241678.5,66.97583630146258,94.57761090508859,219.5266945455608,222.31708144998893,2.7903869044281464
1425-05-21,2241679.5,67.93241665757913,109.43280246753531,219.42680091315714,222.25343638726844,2.826635474111299
1425-05-22,2241680.5,68.88869221641423,124.10626802777249,219.32897677077094,222.19067681720696,2.8617000464360274
1425-05-23,2241681.5,69.84465189401807,138.51447358837703,219.23327581079639,222.12882713615497,2.895551325358582
1425-05-24,2241682.5,70.80029514905989,152.6063558128522,219.1397533779994,222.0679155382937,2.928162160294306
1425-05-25,2241683.5,71.75563111269048,166.36142456251636,219.0484661167729,222.0079735142644,2.9595073974915067
1425-05-26,2241684.5,72.71067604896838,179.7836571746353,218.95947048530692,221.9490341732016,2.989563687894673
1425-05-27,2241685.5,73.66545065441228,192.89373951924878,218.872821086383,221.89113041474005,3.0183093283570486
1425-05-28,2241686.5,74.61997789525336,205.72183311758275,218.7885695137719,221.83429362726943,3.0457241134975277
1425-05-29,2241687.5,75.57428153556756,218.30215077387084,218.70676365888204,221.7785528736228,3.071789214740761
1425-05-30,2241688.5,76.52838502648285,230.6696462676487,218.6274474307298,221.72393449775615,3.096487067026345
1425-05-31,2241689.5,77.48231075754217,242.85850306875517,218.55066078216015,221.67046204760192,3.1198012654417653
1425-06-01,2241690.5,78.43607974654475,254.90198730123555,218.47644010928593,221.61815658407897,3.141716474793043
1425-06-02,2241691.5,79.38971170386142,266.83335381171554,218.40481895665042,221.56703732641435,3.1622183697639343
1425-06-03,2241692.5,80.34322531547406,278.6875064441523,218.33582877078953,221.51712236550546,3.1812935947159247
1425-06-04,2241693.5,81.29663854087234,290.50295553829454,218.26949950270114,221.46842922464424,3.1989297219431023
1425-06-05,2241694.5,82.2499688315133,302.3235259804814,218.20586013332206,221.4209753562512,3.2151152229291426
1425-06-06,2241695.5,83.20323339594559,314.1994126425324,218.1449391814669,221.37477863672953,3.229839455262635
1425-06-07,2241696.5,84.15644947810831,326.1874065572988,218.08676526332394,221.32985787669318,3.2430926133692424
1425-06-08,2241697.5,85.1096344262614,338.35015838386937,218.03136754259805,221.2862332452884,3.2548657026903527
1425-06-09,2241698.5,86.06280553877055,350.75417447082623,217.9787758727536,221.24392638354337,3.2651505107897663
1425-06-10,2241699.5,87.01597969696827,3.4660883404241614,217.9290208056038,221.20296038819825,3.273939582594437
1425-06-11,2241700.5,87.96917293106623,16.5468178691599,217.88213352805877,221.16335973488194,3.2812262068231632
1425-06-12,2241701.5,88.9223996286509,30.043505331654597,217.83814565904734,221.1251500425315,3.2870043834841454
1425-06-13,2241702.5,89.87567088139018,43.97964083093806,217.7970882923258,221.08835713171646,3.2912688393906535
1425-06-14,2241703.5,90.82899178979714,58.34466445127286,217.75898991094564,221.05300498736992,3.294015076424273
1425-06-15,2241704.5,91.7823584754429,73.08567567992013,217.72387361709454,221.01911312705445,3.295239509959913
1425-06-16,2241705.5,92.73575673172535,88.10500206979835,217.6917549828505,220.9866946841202,3.2949397012696977
1425-06-17,2241706.5,93.68916392027809,103.26700972580191,217.66264204008883,220.95575665888086,3.293114618792032
1425-06-18,2241707.5,94.64255420995327,118.41484694993504,217.63653780831226,220.92630269168336,3.289764883371106
1425-06-19,2241708.5,95.59590529814871,133.39364702296928,217.61344416367382,220.89833705416495,3.284892890491136
1425-06-20,2241709.5,96.5492037616553,148.07348980830562,217.59336497633365,220.87186775218268,3.2785027758490344
1425-06-21,2241710.5,97.50244700224987,162.36535641055846,217.57630704823825,220.8469072903603,3.2706002421220433
1425-06-22,2241711.5,98.4556418565314,176.226538669456,217.56227882336412,220.82347114212757,3.261192318763449
1425-06-23,2241712.5,99.40880150464709,189.65636710782766,217.55128811716668,220.8015752268651,3.2502871096984336
1425-06-24,2241713.5,100.36194250002158,202.6860965844484,217.54334028810845,220.78123385509943,3.2378935669909765
1425-06-25,2241714.5,101.31508285731796,215.3672188699781,217.5384374071614,220.76245873944129,3.224021332279875
1425-06-26,2241715.5,102.26824113138821,227.76110779624477,217.53657819988015,220.74525879127322,3.208680591393062
1425-06-27,2241716.5,103.22143585303822,239.93120605969756,217.53775830128495,220.72964028570868,3.1918819844237305
1425-06-28,2241717.5,104.17468524068454,251.93784443617,217.5419705745081,220.7156070927648,3.1736365182567
1425-06-29,2241718.5,105.12800711821976,263.83533461926316,217.5492056223705,220.7031611318489,3.1539555094784077
1425-06-30,2241719.5,106.0814191938567,275.670923203979,217.55945246923605,220.69230301035344,3.132850541117392
1425-07-01,2241720.5,107.0349394467533,287.48527252692037,217.57269929791548,220.68303271958007,3.110333421664592
1425-07-02,2241721.5,107.9885863875869,299.3141557904052,217.5889340408162,220.67535018990822,3.0864161490920026
1425-07-03,2241722.5,108.9423792131354,311.1909449488434,217.60814484634955,220.66925570850142,3.061110862151878
1425-07-04,2241723.5,109.89633787280611,323.1493471088011,217.63032057332114,220.6647503766099,3.0344298032887593
1425-07-05,2241724.5,110.85048316147119,335.2258841859517,217.65545132057224,220.66183660076663,3.0063852801943938
1425-07-06,2241725.5,111.8048366507032,347.461765609029,217.68352879719836,220.66051844420957,2.9769896470112087
1425-07-07,2241726.5,112.75942032059756,359.90381791771716,217.71454634111467,220.6608016298492,2.946255288734534
1425-07-08,2241727.5,113.7142559240351,12.603919075501825,217.74849862316148,220.66269323541218,2.9141946122506965
1425-07-09,2241728.5,114.66936417496129,25.616211652341587,217.7853812025745,220.66620124001244,2.8808200374379282
1425-07-10,2241729.5,115.62476366455824,38.991522366781865,217.82518989998968,220.67133390118013,2.846144001190453
1425-07-11,2241730.5,116.58046903290492,52.768833399907535,217.86791968357252,220.67809864627824,2.81017896270572
1425-07-12,2241731.5,117.53648829136161,66.96420821631126,217.9135627736768,220.686500231893,2.772937458216205
1425-07-13,2241732.5,118.49282005846307,81.55857417572301,217.96210645187372,220.69653867693057,2.7344322250568496
1425-07-14,2241733.5,119.44945225832421,96.48754901534251,218.013531780559,220.70820816122742,2.694676380668426
1425-07-15,2241734.5,120.40636393029956,111.63829258689684,218.06781440853035,220.72149805742208,2.653683648891729
1425-07-16,2241735.5,121.36353018054245,126.85808388024897,218.12492757215446,220.73639611067162,2.6114685385171583
1425-07-17,2241736.5,122.32092847800183,141.97545975844457,218.18484589533443,220.75289234261723,2.5680464472827964
1425-07-18,2241737.5,123.27854364310626,156.8286925509251,218.24754795892844,220.77098158290173,2.5234336239732897
1425-07-19,2241738.5,124.23636966643063,171.29215227242972,218.3130163685166,220.79066338647914,2.477647017962539
1425-07-20,2241739.5,125.1944083717594,185.29201576452076,218.3812356632213,220.81193972981967,2.4307040665983664
1425-07-21,2241740.5,126.15266655781807,198.8082750920441,218.4521896012658,220.83481206642165,2.382622465155862
1425-07-22,2241741.5,127.11115350177192,211.86604714330102,218.52585932336905,220.85927929458606,2.333419971217012
1425-07-23,2241742.5,128.06987956086166,224.52201924915963,218.6022229172673,220.88533717592932,2.2831142586620103
1425-07-24,2241743.5,129.0288557794842,236.85093402726193,218.68125590172164,220.91297871392726,2.231722812205618
1425-07-25,2241744.5,129.98809376496928,248.93450569414367,218.76293191028424,220.94219478328984,2.179262873005598
1425-07-26,2241745.5,130.9476056289675,260.8532657142433,218.84722321315968,220.9729746254377,2.125751412278021
1425-07-27,2241746.5,131.9074040162314,272.68108111280424,218.93410119944468,221.0053063019351,2.07120510249041
1425-07-28,2241747.5,132.86750237884968,284.48190361917307,219.0235369258116,221.0391772598751,2.0156403340634768
1425-07-29,2241748.5,133.82791542270027,296.3082855796963,219.115501756913,221.07457494583952,1.95907318892651
1425-07-30,2241749.5,134.7886595203416,308.2013406593856,219.2099679293892,221.1114873616605,1.9015194322713
1425-07-31,2241750.5,135.74975290546934,320.19204275350273,219.30690901582622,221.14990348695355,1.8429944711273265
1425-08-01,2241751.5,136.71121573933112,332.30377142100883,219.4063003515847,221.18981369630814,1.7835133447234455
1425-08-02,2241752.5,137.6730700275868,344.5557773380594,219.5081194306345,221.23121012958572,1.7230906989512107
1425-08-03,2241753.5,138.63533930358452,356.96701157746423,219.61234610461463,221.2740868884172,1.6617407838025713
1425-08-04,2241754.5,139.59804794011222,9.559678767042108,219.71896237132108,221.31843983644694,1.599477465125858
1425-08-05,2241755.5,140.56122014167235,22.361784024786388,219.82795174294796,221.36426599624448,1.5363142532965242
1425-08-06,2241756.5,141.5248786644796,35.40776678215288,219.93929836915817,221.4115626893272,1.472264320169046
1425-08-07,2241757.5,142.48904333045755,48.73628223511663,220.0529860106705,221.4603265375499,1.4073405268793806
1425-08-08,2241758.5,143.45372921435313,62.38451183048868,220.16899681552061,221.51055227153196,1.3415554560113492
1425-08-09,2241759.5,144.41894444170705,76.37896073616807,220.28730983444453,221.5622313333187,1.2749214988741642
1425-08-10,2241760.5,145.3846883055656,90.723496227213,220.40789979637384,221.6153507544109,1.2074509580370716
1425-08-11,2241761.5,146.35095075547684,105.3867542978597,220.53073690877602,221.66989310521143,1.1391561964354082
1425-08-12,2241762.5,147.317714183911,120.29304067142266,220.655788372643,221.72583817219865,1.0700497995556475
1425-08-13,2241763.5,148.28495742653206,135.32214390509913,220.78302133991596,221.78316607227734,1.0001447323613775
1425-08-14,2241764.5,149.25266054606035,150.32187014729735,220.9124060206385,221.84186041450602,0.929454393867502
1425-08-15,2241765.5,150.2208083809372,165.13198669768525,221.04391724148346,221.90190986541748,0.8579926239340239
1425-08-16,2241766.5,151.18939167867575,179.61230816899663,221.1775336838264,221.9633072848869,0.7857736010604981
1425-08-17,2241767.5,152.15840598536775,193.66519838612203,221.3132353618873,222.0260470562196,0.712811694332288
1425-08-18,2241768.5,153.12784964717292,207.24581680572481,221.45100089270016,222.09012216266947,0.6391212699693085
1425-08-19,2241769.5,154.09772226082612,220.3596794944816,221.59080587154742,222.15552241208252,0.5647165405351018
1425-08-20,2241770.5,155.06802417927744,233.05204219942453,221.73262280224225,222.2222342366796,0.4896114344373643
1425-08-21,2241771.5,156.0387567245043,245.39465678841066,221.87642199875242,222.29024149672549,0.4138194979730656
1425-08-22,2241772.5,157.00992247913643,257.47355012412277,222.02217258722578,222.35952646750656,0.33735388028077296
1425-08-23,2241773.5,157.9815254014976,269.3791708371587,222.1698432334194,222.43007054396867,0.2602273105492543
1425-08-24,2241774.5,158.9535708787723,281.19899204739215,222.3194026017138,222.50185470920985,0.18245210749606144
1425-08-25,2241775.5,159.92606590331815,293.0122420173773,222.4708197534908,222.57485995609218,0.10404020260139646
1425-08-26,2241776.5,160.89901947860983,304.8862876916784,222.624064651592,222.64906778769168,0.025003136099684298
1425-08-27,2241777.5,161.87244311884461,316.8742693568472,222.7791086876471,222.7244607306757,0.054647956971393796
1425-08-28,2241778.5,162.84635123123027,329.01396341315535,222.93592514683394,222.80102279610662,0.13490235072731593
1425-08-29,2241779.5,163.82076128598027,341.32821893928275,223.09448961445014,222.8787398511733,0.2157497632768468
1425-08-30,2241780.5,164.7956937515342,353.8272538938953,223.25478024808763,222.9575998872557,0.29718036083193056
1425-08-31,2241781.5,165.77117155487196,6.512641082045527,223.41677773786245,223.03759298285328,0.37918475500916315
1425-09-01,2241782.5,166.74721906714953,19.382335885301227,223.58046482228983,223.11871082701526,0.46175399527456307
1425-09-02,2241783.5,167.72386057358636,32.435783676815376,223.74582527551678,223.20094575438085,0.5448795211359254
1425-09-03,2241784.5,168.7011184591923,45.67791285196136,223.91284265257667,223.28428950518125,0.6285531473954222
1425-09-04,2241785.5,169.6790112715804,59.120702960562156,224.0814989252307,223.36873194020004,0.7127669850306688
1425-09-05,2241786.5,170.65755192538396,72.78126017749038,224.2517733523183,223.45425995082138,0.7975134014969285
1425-09-06,2241787.5,171.63674629498445,86.67602454910723,224.42364173764844,223.54085681969042,0.8827849179580198
1425-09-07,2241788.5,172.6165925363101,100.8116763798057,224.5970763585753,223.6285022507171,0.9685741078581884
1425-09-08,2241789.5,173.59708164506398,115.17437456474795,224.7720468858033,223.7171734006444,1.054873485158879
1425-09-09,2241790.5,174.57819942934586,129.7202006801604,224.94852232145828,223.80684694964478,1.1416753718135055
1425-09-10,2241791.5,175.55992939558743,144.3707336797384,225.1264734446228,223.89750161102936,1.228971833593448
1425-09-11,2241792.5,176.54225558194872,159.0173752198443,225.30587470933585,223.98912010341485,1.3167546059210053
1425-09-12,2241793.5,177.5251642221481,173.53538031307576,225.48670467094885,224.08168955121425,1.4050151197345997
1425-09-13,2241794.5,178.50864381043968,187.80428082678768,225.6689445674922,224.17520003262462,1.4937445348675737
1425-09-14,2241795.5,179.49268404001202,201.7281547736756,225.85257584263658,224.26964198333854,1.5829338592980378
1425-09-15,2241796.5,180.47727461945306,215.2493824193333,226.03757776178333,224.36500369427588,1.6725740675074405
1425-09-16,2241797.5,181.4624048469237,228.35299032974268,226.22392625738635,224.46127000477114,1.7626562526152156
1425-09-17,2241798.5,182.44806404447328,241.06283683690427,226.41159411204512,224.5584223993242,1.853171712720922
1425-09-18,2241799.5,183.43424245982393,253.43314925868228,226.6005520867838,224.65644002113817,1.9441120656456405
1425-09-19,2241800.5,184.42093205683022,265.53874981322224,226.79077013351747,224.75530088797603,2.035469245541435
1425-09-20,2241801.5,185.40812687399134,277.4659532719104,226.98221827767512,224.85498273062382,2.127235547051299
1425-09-21,2241802.5,186.39582312795994,289.3048958097154,227.1748670855339,224.95546350565942,2.2194035798744665
1425-09-22,2241803.5,187.3840193467644,301.14333148654174,227.36868802440884,225.0567217366986,2.3119662877102485
1425-09-23,2241804.5,188.37271665256932,313.06154863025563,227.56365378204984,225.15873686578186,2.404916916267979
1425-09-24,2241805.5,189.361919236364,325.1279910244333,227.75973871834992,225.26148967083793,2.4982490475119903
1425-09-25,2241806.5,190.35163484803425,337.39548740116714,227.9569192843313,225.364962690734,2.5919565935973026
1425-09-26,2241807.5,191.3418751590656,349.89849032895745,228.15517440137205,225.4691405783522,2.686033823019841
1425-09-27,2241808.5,192.33265580769776,2.652006412976129,228.35448563322498,225.57401024260358,2.7804753906214046
1425-09-28,2241809.5,193.32399593697676,15.652786116871793,228.55483695689563,225.679560638532,2.875276318363632
1425-09-29,2241810.5,194.31591700424968,28.882942578138955,228.75621400718939,225.78578198544614,2.9704320217432496
1425-09-30,2241811.5,195.30844084039398,42.31559128728814,228.95860266855317,225.8926644162234,3.0659382523297722
1425-10-01,2241812.5,196.3015872555573,55.921384114042496,229.16198742187854,226.00019633645562,3.1617910854229194
1425-10-02,2241813.5,197.29537168401257,69.67419186763063,229.36634981939508,226.10836298650483,3.2579868328902535
1425-10-03,2241814.5,198.28980348602283,83.55414291162697,229.571667712231,226.21714576220458,3.354521950026424
1425-10-04,2241815.5,199.28488530513022,97.5469908071707,229.77791548167244,226.32652253559843,3.4513929460740087
1425-10-05,2241816.5,200.28061358008057,111.64000947121123,229.9850652074052,226.4364689554984,3.548596251906787
1425-10-06,2241817.5,201.2769800010007,125.8156933103665,230.19308850420668,226.54696036754567,3.6461281366610194
1425-10-07,2241818.5,202.27397343964478,140.04520260705092,230.40195846904834,226.65797384775988,3.7439846212884618
1425-10-08,2241819.5,203.2715816821383,154.28381520448303,230.61165112589927,226.76948969180037,3.842161434098898
1425-10-09,2241820.5,204.2697924701679,168.47051562081293,230.82214595668836,226.88149196126966,3.9406539954186997
1425-10-10,2241821.5,205.26859353125712,182.5328680155632,231.0334251833161,226.9939677625362,4.039457420779911
1425-10-11,2241822.5,206.26797178601734,196.39644560868624,231.24547207844054,227.1069055089369,4.138566569503638
1425-10-12,2241823.5,207.26791229497329,209.99619284553714,231.45826885689027,227.22029275044446,4.237976106445814
1425-10-13,2241824.5,208.26839768740732,223.28639832499758,231.67179500661092,227.33411441031083,4.337680596300089
1425-10-14,2241825.5,209.26940843800844,236.24687278703945,231.88602662260303,227.4483520124622,4.437674610140817
1425-10-15,2241826.5,210.27092398710525,248.88467422639042,232.1009368603572,227.56298404217912,4.53795281817807
1425-10-16,2241827.5,211.27292416495274,261.2321435632696,232.31649707278825,227.6779870090136,4.638510063774646
1425-10-17,2241828.5,212.2753904239965,273.3425896202596,232.5326780836923,227.79333668835807,4.739341395334236
1425-10-18,2241829.5,213.2783065316415,285.28491128885054,232.74945111427922,227.90900901742046,4.840442096858766
1425-10-19,2241830.5,214.2816588784195,297.13811586386277,232.9667883214739,228.0249806559131,4.941807665560788
1425-10-20,2241831.5,215.28543663547765,308.98620902781926,233.1846631122513,228.14122929609866,5.043433816152628
1425-10-21,2241832.5,216.28963199534132,320.9134026495803,233.40305042075298,228.257733931333,5.145316489419969
1425-10-22,2241833.5,217.29424052538778,332.99928325118583,233.6219269714666,228.37447512332045,5.247451848146142
1425-10-23,2241834.5,218.29926161385544,345.3136961354149,233.84127160994333,228.49143531875276,5.34983629119057
1425-10-24,2241835.5,219.3046988498451,357.9114820923038,234.0610655410259,228.6085990615878,5.452466479438101
1425-10-25,2241836.5,220.31056026014255,10.827569918161288,234.28129243131477,228.7259530820688,5.555339349245969
1425-10-26,2241837.5,221.31685808657184,24.073199311203567,234.50193808762475,228.84348596106864,5.658452126556114
1425-10-27,2241838.5,222.32360777300633,37.63427821217137,234.72298948108138,228.96118713794937,5.761802343132018
1425-10-28,2241839.5,223.330825969456,51.47288992264175,234.94443301552846,229.07904518960186,5.865387825926604
1425-10-29,2241840.5,224.3385278998023,65.5323831875918,235.16625253079084,229.19704586072677,5.969206670064068
1425-10-30,2241841.5,225.3467248129401,79.7452774167937,235.38842774563582,229.31517055219464,6.073257193441179
1425-10-31,2241842.5,226.35542248262058,94.04204109357164,235.6109340464291,229.4333960266243,6.177538019804786
1425-11-01,2241843.5,227.3646212484014,108.35847636489375,235.8337438268376,229.55169517234432,6.2820486544932805
1425-11-02,2241844.5,228.37431730048473,122.64016657364161,236.056828834855,229.67003729208375,6.386791542771249
1425-11-03,2241845.5,229.38450445624937,136.8436481134721,236.28016256017003,229.78838899914942,6.491773561020608
1425-11-04,2241846.5,230.3951754971778,150.9349552356858,236.50372171854752,229.9067326875029,6.596989031044615
1425-11-05,2241847.5,231.40632259084657,164.88670860294258,236.72748647511855,230.0250737697819,6.702412705336656
1425-11-06,2241848.5,232.4179368114191,178.67508169622636,236.9514395775185,230.14339889637097,6.808040681147531
1425-11-07,2241849.5,233.43000716065845,192.27783447895075,237.175564941796,230.26168627437565,6.913878667420363
1425-11-08,2241850.5,234.44251951476392,205.67409901454627,237.3998462164288,230.37991867907851,7.0199275373502985
1425-11-09,2241851.5,235.4554558978215,218.8458737371431,237.62426583780768,230.49807985332245,7.126185984485232
1425-11-10,2241852.5,236.46879438662464,231.78061047582855,237.84880477625552,230.61615154242938,7.232653233826142
1425-11-11,2241853.5,237.48250979935202,244.47412338685297,238.073429059323,230.73411267799378,7.339316381329212
1425-11-12,2241854.5,238.49657499590847,256.93319454188287,238.29796712084334,230.85193973924385,7.446027381599492
1425-11-13,2241855.5,239.51096248451537,269.17742000675173,238.52263019525785,230.96960776399783,7.553022431260018
1425-11-14,2241856.5,240.5256458372662,281.23996863373566,238.74734717607544,231.08709144949043,7.660255726585007
1425-11-15,2241857.5,241.54060064957886,293.16714761975817,238.9720267206417,231.2043660062136,7.767660714428104
1425-11-16,2241858.5,242.5558051038735,305.0169772277999,239.19664372576503,231.32140771913126,7.87523600663377
1425-11-17,2241859.5,243.57124028377962,316.8571224072011,239.4211745280714,231.43819425690006,7.9829802711713285
1425-11-18,2241860.5,244.58689047449934,328.76233866754063,239.64559593301385,231.55470491647685,8.090891016537
1425-11-19,2241861.5,245.60274343678785,340.81124664024264,239.86988605989197,231.6709207825926,8.19896527729938
1425-11-20,2241862.5,246.61879064742513,353.0820985309719,240.09402475951669,231.7868248071962,8.307199952320474
1425-11-21,2241863.5,247.63502754720366,5.647338449116664,240.31799382643857,231.90240186078424,8.415591965654329
1425-11-22,2241864.5,248.6514537411551,18.566997636794568,240.54177700037206,232.0176386460158,8.524138354356268
1425-11-23,2241865.5,249.6680730371596,31.881199579987133,240.76535968282263,232.132523354253,8.632836328569624
1425-11-24,2241866.5,250.68489276040475,45.60247644386263,240.98872786844197,232.24704454520017,8.741683323241801
1425-11-25,2241867.5,251.70192214749758,59.70939164304027,241.21186626234285,232.36118923425502,8.85067702808783
1425-11-26,2241868.5,252.7191700243246,74.14377879564779,241.43475606686928,232.47494071454233,8.959815352326956
1425-11-27,2241869.5,253.73664270855528,88.81391778000356,241.65737359379455,232.5882772205671,9.069096373227438
1425-11-28,2241870.5,254.75434310314546,103.60457223869255,241.87969067410515,232.70117249792767,9.178518176177477
1425-11-29,2241871.5,255.7722713573667,118.39235507301085,242.10167702528577,232.81359832293964,9.288078702346127
1425-11-30,2241872.5,256.79042643584955,133.0626306213756,242.32330347136812,232.92552790054248,9.397775570825644
1425-12-01,2241873.5,257.80880742427246,147.52343903893745,242.54454447340683,233.0369385108536,9.507605962553242
1425-12-02,2241874.5,258.8274135850769,161.71317692426166,242.76537877481263,233.14781221930113,9.617566555511502
1425-12-03,2241875.5,259.84624315409286,175.6012370454887,242.9857882167145,233.25813469042367,9.727653526290823
1425-12-04,2241876.5,260.8652915707653,189.18314038548314,243.20575562447144,233.36789304937074,9.8378625751007
1425-12-05,2241877.5,261.88455003331256,202.4728588915257,243.4252628647566,233.47707388444516,9.948188980311443
1425-12-06,2241878.5,262.9040047657047,215.49488436951725,243.64428957704507,233.58566192826936,10.058627648775712
1425-12-07,2241879.5,263.9236369922518,228.2777209359197,243.86281258286206,233.69363940688666,10.169173175975402
1425-12-08,2241880.5,264.9434234431166,240.8495562790548,244.0808058228853,233.80098591422393,10.27981990866138
1425-12-09,2241881.5,265.96333726415344,253.23624373793007,244.29824067499322,233.90767867682044,10.390561998172785
1425-12-10,2241882.5,266.9833492763038,265.46136550114846,244.51508668114528,234.01369321751952,10.50139346362576
1425-12-11,2241883.5,268.00342940504737,277.54789195518737,244.73131253055357,234.11900429956063,10.612308230992937
1425-12-12,2241884.5,269.02354801074745,289.5207570686405,244.9468870477755,234.22358688561732,10.723300162158182
1425-12-13,2241885.5,270.04367686862616,301.40961544354855,245.16177992106415,234.32741683419283,10.83436308687132
1425-12-14,2241886.5,271.06378987804806,313.25119587664256,245.3759622083161,234.43047138799014,10.945490820325972
1425-12-15,2241887.5,272.0838635481197,325.0909341849405,245.58940662784357,234.53272945212674,11.056677175716828
1425-12-16,2241888.5,273.1038774477492,336.98374801008345,245.8020878286955,234.63417184157095,11.167915987124559
1425-12-17,2241889.5,274.1238144851609,348.99377243420327,246.01398248614828,234.73478136472926,11.279201121419021
1425-12-18,2241890.5,275.1436609527752,1.1927079061798997,246.2250691749401,234.83454268221698,11.390526492723126
1425-12-19,2241891.5,276.1634065018141,13.656377734035726,246.43532817166476,234.93344208791234,11.501886083752424
1425-12-20,2241892.5,277.1830441664258,26.45921587695113,246.64474121255185,235.03146725469435,11.613273957857501
1425-12-21,2241893.5,278.20257036264485,39.66651516033622,246.85329108074717,235.12860677987763,11.72468430086954
1425-12-22,2241894.5,279.2219844875179,53.32431678624107,247.0609605686529,235.2248491112247,11.836111457428188
1425-12-23,2241895.5,280.2412878159061,67.44732226161105,247.2677306216993,235.32018066493796,11.947549956761321
1425-12-24,2241896.5,281.26048198925065,82.00680747665442,247.4735782564047,235.4145837419899,12.058994514414792
1425-12-25,2241897.5,282.2795679703805,96.92283936243645,247.67847545494234,235.50803549984303,12.170439955099312
1425-12-26,2241898.5,283.29854632909996,112.06621983391899,247.88239021028616,235.60050914503685,12.281881065249308
1425-12-27,2241899.5,284.31741877492675,127.27340045887985,248.08528959800663,235.69197720847615,12.393312389530479
1425-12-28,2241900.5,285.3361897985924,142.37219729462677,248.2871434168015,235.78241539748302,12.504728019318492
1425-12-29,2241901.5,286.3548669766401,157.21056844610263,248.48792641794444,235.87180498328527,12.616121434659163
1425-12-30,2241902.5,287.37345923289365,171.6789173629427,248.68761797684698,235.96013256519433,12.727485411652651
1425-12-31,2241903.5,288.3919737169815,185.7197173394723,248.88619966507443,236.04738764918537,12.838812015889062
