body_a,body_b,date,jd_ut,separation_deg,ecliptic_longitude_deg,solar_elongation_deg,event_class
Mercury,Jupiter,1404-01-06 00:54 UT (Julian),2233873.5374999843,0.00021543798084167065,294.0404893678017,0.17505802290367,close_conjunction
Mercury,Venus,1404-01-09 03:43 UT (Julian),2233876.654861097,0.0002234209568996448,290.15488899432944,6.881966132087143,close_conjunction
Venus,Jupiter,1404-01-13 16:36 UT (Julian),2233881.191666652,0.00035242957898162786,295.85144261707467,5.797623414675513,close_conjunction
Venus,Saturn,1404-01-28 15:22 UT (Julian),2233896.140277764,0.00015697940676773214,314.596376135416,2.1959643330490053,close_conjunction
Mercury,Jupiter,1404-02-07 11:52 UT (Julian),2233905.994444429,7.988518859747273e-07,301.6069287311344,25.118297832487826,close_conjunction
Mercury,Saturn,1404-02-18 11:46 UT (Julian),2233916.9902777625,0.00015438174096971125,317.0673602274061,20.690632130435915,close_conjunction
Mercury,Venus,1404-03-27 05:46 UT (Julian),2233954.7402777625,9.293449636516016e-06,27.52682490200383,12.413075877949268,close_conjunction
Mercury,Venus,1404-04-18 09:03 UT (Julian),2233976.8770833197,0.00018120170943802805,54.744570983834535,18.090011657237653,close_conjunction
Venus,Mars,1404-05-28 00:58 UT (Julian),2234016.540277762,4.469800171591487e-05,102.9329190587583,28.20460366262961,close_conjunction
Mercury,Mars,1404-07-11 16:01 UT (Julian),2234061.167361097,0.0003290205064558904,131.14088325015769,13.847719363090278,close_conjunction
Mercury,Mars,1404-09-07 12:19 UT (Julian),2234119.0131944288,0.0004304524077554106,168.03635261022566,5.169731010795232,close_conjunction
Mercury,Mars,1404-10-01 10:04 UT (Julian),2234142.91944443,0.0003015157836614435,183.5528621078529,13.255110747393502,close_conjunction
Mercury,Venus,1404-11-13 07:40 UT (Julian),2234185.819444428,0.0003610616801950073,252.5466381322832,12.616932606543912,close_conjunction
Jupiter,Saturn,1405-01-16 20:02 UT (Julian),2234250.3347222055,1.3146284004506015e-05,323.77064837725453,18.167691144832304,great_conjunction
Mercury,Saturn,1405-02-16 15:01 UT (Julian),2234281.125694431,0.0003481580080801905,327.4852110523632,9.160819633998983,close_conjunction
Mercury,Jupiter,1405-02-18 23:42 UT (Julian),2234283.487499985,6.228120912510349e-05,331.7261594102083,7.281656592343097,close_conjunction
Venus,Saturn,1405-03-24 19:42 UT (Julian),2234317.320833317,0.00034740107349762184,331.58242919289864,40.924869010866246,close_conjunction
Venus,Jupiter,1405-04-02 06:22 UT (Julian),2234325.765277762,0.00014675532196406493,341.44523170115826,39.3244378386068,close_conjunction
Mars,Saturn,1405-05-07 12:01 UT (Julian),2234361.000694429,1.4715986083047028e-05,335.0067051491267,79.84534477303202,close_conjunction
Mars,Jupiter,1405-05-30 23:20 UT (Julian),2234384.472222207,2.2731487149485474e-05,351.19490825278285,86.10922226339005,close_conjunction
Mercury,Venus,1405-08-21 06:24 UT (Julian),2234466.7666666512,0.0003848314231333916,152.05237320968473,4.088679590319799,close_conjunction
Mercury,Venus,1405-10-22 06:12 UT (Julian),2234528.758333318,5.2548200955016e-05,229.4629310374945,12.063062414792654,close_conjunction
Mercury,Venus,1405-11-22 10:39 UT (Julian),2234559.9437499857,0.0002480837590610463,268.47499990736964,19.527020733769973,close_conjunction
Venus,Saturn,1406-01-14 09:15 UT (Julian),2234612.885416653,3.005074682960185e-05,334.24613297560984,31.379541060939005,close_conjunction
Venus,Jupiter,1406-01-31 14:56 UT (Julian),2234630.122222205,0.00018099950483474458,355.2927024708207,34.9757007846942,close_conjunction
Mercury,Saturn,1406-02-14 07:38 UT (Julian),2234643.8180555394,0.00047992131516139125,337.9117944081744,3.824624073542225,close_conjunction
Mercury,Jupiter,1406-02-26 15:16 UT (Julian),2234656.1361110974,0.0004188713284918322,1.284345477859573,14.888671372937836,close_conjunction
Mercury,Jupiter,1406-03-31 04:50 UT (Julian),2234688.701388874,6.315215495078519e-05,9.121533207153957,9.392783286451078,close_conjunction
Mercury,Jupiter,1406-04-22 23:40 UT (Julian),2234711.486111096,0.0001880004093095522,14.472783161800882,26.17013947672777,close_conjunction
Mercury,Venus,1406-06-14 21:45 UT (Julian),2234764.406249986,0.0005461119125129699,109.94609326515392,18.639435113030913,close_conjunction
Mercury,Mars,1406-07-10 15:12 UT (Julian),2234790.13333332,0.3477795945597393,142.01539347867634,26.173571819940662,close_conjunction
Mercury,Mars,1406-09-18 07:58 UT (Julian),2234859.831944428,2.352120674231628e-06,186.98726210929732,3.617872774324951,close_conjunction
Mercury,Mars,1406-11-30 11:53 UT (Julian),2234932.995138874,1.0340328088886963e-05,237.21103531676266,19.68676457980166,close_conjunction
Mercury,Mars,1406-12-08 00:03 UT (Julian),2234940.502083318,1.0569115033831622e-05,242.5752356681931,21.972710646536143,close_conjunction
Venus,Mars,1406-12-27 17:29 UT (Julian),2234960.228472207,6.881549779791385e-06,256.85203498046474,27.8088447508876,close_conjunction
Mercury,Saturn,1407-02-12 19:59 UT (Julian),2235007.3326388723,0.00046097379072307376,348.69628973016273,16.33732376936001,close_conjunction
Mercury,Saturn,1407-03-11 00:25 UT (Julian),2235033.5173610956,0.0001096264173270356,351.9369514903332,6.499797802792102,close_conjunction
Mercury,Venus,1407-03-12 23:09 UT (Julian),2235035.4645833187,0.00031191709825861835,350.43204768847363,9.929227896806651,close_conjunction
Venus,Saturn,1407-03-14 12:42 UT (Julian),2235037.029166651,0.00019743064206068084,352.37188903016016,9.53404884334509,close_conjunction
Mercury,Saturn,1407-04-04 03:31 UT (Julian),2235057.646527764,3.9520639290913095e-05,354.8491794057711,27.273810538755015,close_conjunction
Venus,Jupiter,1407-04-23 24:00 UT (Julian),2235077.4999999846,9.243227160027345e-05,42.372809558573124,0.9908212536700489,close_conjunction
Mercury,Jupiter,1407-05-06 05:51 UT (Julian),2235089.7437499845,0.00016434518445862523,45.26587501493294,7.904763232404207,close_conjunction
Mars,Saturn,1407-05-11 16:08 UT (Julian),2235095.172222208,0.00019128335503637572,358.6362642741726,59.74553031471277,close_conjunction
Mercury,Venus,1407-05-19 04:50 UT (Julian),2235102.701388874,0.00030228637814389003,73.36174710219612,7.7705105763379265,close_conjunction
Mercury,Venus,1407-07-01 04:09 UT (Julian),2235145.6729166526,0.000254562978739159,126.01622078785455,19.43868724951787,close_conjunction
Mars,Jupiter,1407-08-17 03:59 UT (Julian),2235192.665972208,4.0350758638396655e-05,64.40755041873857,87.28522910986146,close_conjunction
Mercury,Venus,1408-01-25 15:46 UT (Julian),2235354.1569444304,1.6249975999471644e-05,329.1324938479471,15.331435368409359,close_conjunction
Mercury,Saturn,1408-04-07 04:40 UT (Julian),2235426.69444443,1.24358328434937e-05,6.702932267391114,19.127761911879844,close_conjunction
Venus,Saturn,1408-05-07 02:43 UT (Julian),2235456.6131944275,0.00012175232555478033,10.085360216735731,44.64923189287748,close_conjunction
Mercury,Jupiter,1408-05-10 01:09 UT (Julian),2235459.547916651,0.00018157070377355922,73.11351735526497,15.564043892644122,close_conjunction
Venus,Jupiter,1408-07-13 23:05 UT (Julian),2235524.4618055406,1.424041747100091e-05,87.69119386477848,31.828935428202158,close_conjunction
Mercury,Mars,1408-09-05 18:49 UT (Julian),2235578.284027762,0.00020359611994535953,191.5687602085038,20.02245332040374,close_conjunction
Mercury,Mars,1408-10-13 11:49 UT (Julian),2235615.9923610957,5.5343463060353315e-05,217.31403229420846,8.429241972980606,close_conjunction
Mercury,Venus,1408-10-20 09:40 UT (Julian),2235622.902777764,0.0007185516872141307,208.8130478892099,7.001763946494435,close_conjunction
Venus,Mars,1408-11-14 02:13 UT (Julian),2235647.5923610944,0.00018010475258734004,239.8569171450451,0.8876816731403494,close_conjunction
Mercury,Mars,1408-12-03 05:51 UT (Julian),2235666.7437499845,9.509730472245792e-05,253.93473223792256,6.289091761941336,close_conjunction
Mercury,Venus,1408-12-30 11:25 UT (Julian),2235693.9756944296,1.8462673835983878e-05,298.1857739513654,10.200545093203345,close_conjunction
Mercury,Venus,1409-01-22 02:29 UT (Julian),2235716.6034722053,0.00029293051449030827,326.52614103084477,15.551958669692112,close_conjunction
Mercury,Mars,1409-02-17 15:35 UT (Julian),2235743.1493055415,0.00012325438387961185,312.4680850546425,25.23010272227799,close_conjunction
Mercury,Mars,1409-02-28 10:38 UT (Julian),2235753.9430555413,4.873568684615748e-06,320.9026644316773,27.560324540316117,close_conjunction
Venus,Saturn,1409-03-01 01:43 UT (Julian),2235754.5715277614,2.575708796825893e-05,13.615629207908817,24.52809524041828,close_conjunction
Mercury,Saturn,1409-04-05 09:42 UT (Julian),2235789.904166653,0.0003818009053873084,18.05008919208956,5.800316649713693,close_conjunction
Venus,Jupiter,1409-05-12 07:06 UT (Julian),2235826.795833317,1.641643655148073e-05,99.73455359552622,40.26216907131814,close_conjunction
Mars,Saturn,1409-05-20 20:34 UT (Julian),2235835.3569444274,4.678191842799606e-05,23.43037965290492,44.239568532308624,close_conjunction
Mercury,Jupiter,1409-07-16 18:08 UT (Julian),2235892.2555555403,0.0002720966323010998,113.79880869055295,8.166031143702412,close_conjunction
Mercury,Venus,1409-08-21 20:21 UT (Julian),2235928.3479166497,0.0003657039343067936,178.93347992067623,22.190716943397035,close_conjunction
Mercury,Saturn,1410-04-02 09:50 UT (Julian),2236151.909722208,0.00020539677998954176,29.451545410781293,8.749437868196424,close_conjunction
Mars,Jupiter,1410-04-21 04:06 UT (Julian),2236170.670833319,9.067106589100149e-05,123.57555859288297,84.65688232618851,close_conjunction
Venus,Saturn,1410-05-01 04:27 UT (Julian),2236180.6854166524,0.00026527052116875893,33.13776262500597,15.437517701701324,close_conjunction
Mercury,Venus,1410-05-22 12:44 UT (Julian),2236202.0305555398,0.00043163593929307353,59.26662022071803,9.771478242859331,close_conjunction
Mercury,Venus,1410-07-11 18:53 UT (Julian),2236252.28680554,0.00012920026520646388,121.01123980578286,4.032031048657075,close_conjunction
Mercury,Jupiter,1410-07-21 02:17 UT (Julian),2236261.595138872,0.0003835270663046231,139.02914951023996,13.144835670691123,close_conjunction
Venus,Jupiter,1410-07-27 12:09 UT (Julian),2236268.0062499847,0.0002526719810589384,140.41208206555532,8.377572095078534,close_conjunction
Mercury,Venus,1410-09-04 14:28 UT (Julian),2236307.102777761,0.00043584273186070277,188.76289379861865,18.847387833697297,close_conjunction
Venus,Mars,1410-10-01 22:29 UT (Julian),2236334.436805541,6.775227399202777e-05,222.53026578371876,25.652754569875754,close_conjunction
Mercury,Mars,1410-11-23 08:34 UT (Julian),2236386.8569444274,0.00014739084701886895,260.9745577826908,11.30773947144911,close_conjunction
Mercury,Mars,1410-12-28 23:06 UT (Julian),2236422.462499985,0.000692303840992281,288.40091772776356,2.4459587173161026,close_conjunction
Mercury,Mars,1411-02-25 16:43 UT (Julian),2236481.1965277633,0.00010487194759889462,334.6369433502182,10.617240746000391,close_conjunction
Venus,Saturn,1411-03-12 08:35 UT (Julian),2236495.8576388718,6.977041056188682e-05,39.0008239670894,39.20439104662535,close_conjunction
Venus,Saturn,1411-04-02 06:09 UT (Julian),2236516.7562499847,4.2833204361159005e-06,41.46782361539564,21.14977708860414,close_conjunction
Mercury,Venus,1411-04-03 06:01 UT (Julian),2236517.750694429,6.283776070858949e-05,41.163437962376285,19.87515745604034,close_conjunction
Mercury,Saturn,1411-04-03 17:18 UT (Julian),2236518.2208333183,0.00016392044466329025,41.65012043166175,19.903361768600035,close_conjunction
Mercury,Saturn,1411-04-23 15:40 UT (Julian),2236538.152777764,9.685979645723819e-05,44.19917481847401,3.1169304966827553,close_conjunction
Venus,Mars,1411-05-03 21:46 UT (Julian),2236548.4069444304,0.0001467496821021541,26.30464400408079,24.65696659211926,close_conjunction
Mercury,Saturn,1411-05-25 11:56 UT (Julian),2236569.997222207,0.00010846230233596543,48.27093599120498,23.37159297582795,close_conjunction
Mars,Saturn,1411-06-04 16:42 UT (Julian),2236580.195833319,0.0001940625381848804,49.496634313694514,31.87813736331009,close_conjunction
Venus,Saturn,1411-06-20 22:12 UT (Julian),2236596.424999986,5.0010469919925526e-05,51.29765790748271,45.54450228378565,close_conjunction
Venus,Mars,1411-07-20 10:23 UT (Julian),2236625.9326388747,3.2268908455534984e-05,81.04890055589783,43.97068441966445,close_conjunction
Mercury,Jupiter,1411-08-03 04:33 UT (Julian),2236639.689583319,0.00016743891427495328,165.57310193367854,27.341718214803024,close_conjunction
Mercury,Jupiter,1411-08-23 03:55 UT (Julian),2236659.6631944305,0.00022519133946730108,169.74741060538156,12.19724455586055,close_conjunction
Mercury,Jupiter,1411-09-25 02:31 UT (Julian),2236692.604861094,0.0001453038840395493,176.8508812862444,13.0125025460558,close_conjunction
Venus,Jupiter,1411-10-13 04:27 UT (Julian),2236710.6854166524,0.00010181236081052703,180.6397066505787,27.216645690801755,close_conjunction
Mercury,Venus,1411-12-19 05:32 UT (Julian),2236777.7305555404,0.0004996815891900042,264.5459704138817,11.245695801371028,close_conjunction
Mercury,Venus,1412-02-26 07:46 UT (Julian),2236846.8236110946,0.00014170081198017215,351.11219188494783,5.474902156244923,close_conjunction
Mercury,Venus,1412-03-27 06:04 UT (Julian),2236876.7527777622,0.00021766585481941547,28.216773201433224,13.027715661273334,close_conjunction
Venus,Saturn,1412-04-18 18:50 UT (Julian),2236899.284722206,2.5158355811072397e-05,55.90695365940758,18.79454598755666,close_conjunction
Mercury,Saturn,1412-05-26 08:57 UT (Julian),2236936.8729166496,0.0002784083114875102,60.77150285953288,12.431385132978505,close_conjunction
Mars,Jupiter,1412-07-19 13:42 UT (Julian),2236991.070833317,0.00013767178651846734,187.57448001505395,62.651905896773826,close_conjunction
Venus,Jupiter,1412-08-11 12:09 UT (Julian),2237014.0062499847,0.00024222863063982913,191.38253926707807,44.39598153804198,close_conjunction
Venus,Mars,1412-09-08 23:09 UT (Julian),2237042.4645833187,1.570687376784008e-05,221.22412114628384,46.52649591677513,close_conjunction
Mercury,Jupiter,1412-10-01 03:47 UT (Julian),2237064.657638875,0.000487523330662043,201.7548186331207,5.138304868794137,close_conjunction
Venus,Mars,1412-10-21 21:38 UT (Julian),2237085.401388875,6.155807801633273e-05,252.18952220374945,34.83354045415521,close_conjunction
Mercury,Venus,1412-11-04 14:47 UT (Julian),2237099.115972205,0.0003337861780323692,252.40742559300006,21.22262119907046,close_conjunction
Mercury,Mars,1413-02-11 17:45 UT (Julian),2237198.239583318,0.0003753660564598249,340.11810264767416,8.298243361920242,close_conjunction
Mercury,Mars,1413-03-16 23:07 UT (Julian),2237231.4631944294,0.00032899867827040907,5.857650795794365,1.0037929214255996,close_conjunction
Mercury,Mars,1413-05-11 11:24 UT (Julian),2237286.974999985,6.473508511817272e-05,47.02489026540796,11.705178726419831,close_conjunction
Mercury,Saturn,1413-05-23 10:59 UT (Julian),2237298.957638874,0.00018543707767548767,72.70065015483476,2.506982465968264,close_conjunction
Venus,Mars,1413-06-17 02:29 UT (Julian),2237323.6034722053,1.575553631028015e-05,72.70577724359987,20.994291860931412,close_conjunction
Venus,Saturn,1413-06-20 00:55 UT (Julian),2237326.5381944287,0.0001132688776692703,76.26776479759529,20.228227606392238,close_conjunction
Mars,Saturn,1413-06-22 20:01 UT (Julian),2237329.334027761,0.0001659803861286946,76.61734700203286,22.54315325635139,close_conjunction
Mercury,Venus,1413-07-30 12:50 UT (Julian),2237367.034722206,0.0004801705238435261,125.83669275685683,9.379374721688748,close_conjunction
Mercury,Venus,1413-09-06 23:31 UT (Julian),2237405.479861096,2.5775152124651868e-05,173.54847275996644,1.0346148168234208,close_conjunction
Mercury,Jupiter,1413-10-11 18:01 UT (Julian),2237440.250694429,7.093286370718488e-05,227.83024666783075,20.896480985763702,close_conjunction
Venus,Jupiter,1413-10-22 05:38 UT (Julian),2237450.7347222073,0.00020323886965911697,230.11401537560732,12.67010128507573,close_conjunction
Mercury,Venus,1413-11-03 23:37 UT (Julian),2237463.4840277624,0.0003158737467856554,246.06639126068148,15.767299216975431,close_conjunction
Mercury,Jupiter,1413-11-14 00:23 UT (Julian),2237473.515972207,0.0003657697839969387,235.18977387466623,5.266406454712268,close_conjunction
Mercury,Jupiter,1413-12-03 19:32 UT (Julian),2237493.3138888725,0.00012082433846671847,239.56131832234763,21.034911945956196,close_conjunction
Venus,Saturn,1414-04-17 11:09 UT (Julian),2237627.9645833187,8.87641681401874e-05,80.7948319877196,45.423404888305356,close_conjunction
Mercury,Saturn,1414-05-21 04:47 UT (Julian),2237661.699305541,0.0005609725365616214,84.76593253785514,16.959597649739862,close_conjunction
Mercury,Venus,1414-06-07 00:55 UT (Julian),2237678.5381944287,0.00018076913926279303,109.14699124577827,25.27064724772231,close_conjunction
Venus,Saturn,1414-07-19 22:58 UT (Julian),2237721.45694443,0.6834763476004468,92.72410971737126,32.10831115100348,close_conjunction
Mars,Jupiter,1414-09-27 20:36 UT (Julian),2237791.358333316,2.8444680140182754e-06,250.39628619562927,57.5379248562775,close_conjunction
Mercury,Jupiter,1414-12-16 11:56 UT (Julian),2237870.997222207,0.00022914481354519012,267.2579348119625,6.024997692457191,close_conjunction
Venus,Jupiter,1415-01-08 19:28 UT (Julian),2237894.311111095,0.0002447461637871129,272.53749638682245,24.496611381841433,close_conjunction
Mercury,Venus,1415-02-18 10:59 UT (Julian),2237934.957638874,0.00038609124345612145,323.16153642417953,14.907053919652242,close_conjunction
Mercury,Venus,1415-04-20 22:49 UT (Julian),2237996.4506944297,0.0002832873769307298,39.30534118771642,0.793883727327426,close_conjunction
Mercury,Mars,1415-04-25 16:08 UT (Julian),2238001.172222208,0.00010303597798611008,49.5405059851488,6.471716624727719,close_conjunction
Venus,Mars,1415-05-04 01:44 UT (Julian),2238009.572222206,0.00015325482524986,55.45518177047604,4.2995388959849095,close_conjunction
Mercury,Saturn,1415-06-02 10:29 UT (Julian),2238038.936805541,0.38172918716068693,98.48918299297047,19.233751570955576,close_conjunction
Mercury,Venus,1415-06-07 16:11 UT (Julian),2238044.1743055414,0.0004399470771545566,97.92763147013555,13.67633480291829,close_conjunction
Venus,Saturn,1415-06-08 23:07 UT (Julian),2238045.4631944294,0.0001443757129493406,99.50742963176265,14.026988263425608,close_conjunction
Mercury,Mars,1415-06-23 13:19 UT (Julian),2238060.054861095,4.755119272203956e-05,89.88107193022785,9.50393754109379,close_conjunction
Mars,Saturn,1415-07-15 08:02 UT (Julian),2238081.8347222055,0.00012616355172667681,104.21213707263136,15.96382733511075,close_conjunction
Mercury,Saturn,1415-07-16 15:52 UT (Julian),2238083.161111097,0.0004270889203326078,104.38005674619245,17.064751325551242,close_conjunction
Mercury,Mars,1415-07-17 08:49 UT (Julian),2238083.867361094,0.00031870628723140726,105.53565779318315,16.584906945736122,close_conjunction
Venus,Jupiter,1415-11-12 23:22 UT (Julian),2238202.473611096,0.00014352321954902436,285.924506745149,47.01690219990846,close_conjunction
Mercury,Jupiter,1415-12-26 11:01 UT (Julian),2238245.959027763,1.2663451798289316e-05,295.4454737124318,12.259786877551733,close_conjunction
Mercury,Jupiter,1416-02-03 22:10 UT (Julian),2238285.423611097,0.00019197815026927856,304.7574038242408,18.471721720908022,close_conjunction
Mercury,Jupiter,1416-02-14 05:52 UT (Julian),2238295.744444429,2.7671127611483826e-05,307.1164344541952,26.48424799532586,close_conjunction
Mercury,Venus,1416-02-21 10:03 UT (Julian),2238302.9187499858,0.0002528142562141511,313.44318149563736,27.33483237572699,close_conjunction
Mercury,Saturn,1416-07-14 01:43 UT (Julian),2238446.5715277614,0.0004306566832212866,116.37096442506568,3.3239854944716,close_conjunction
Venus,Saturn,1416-08-08 23:42 UT (Julian),2238472.487499985,4.838649454086408e-05,119.64858793015252,24.941113810177,close_conjunction
Mercury,Venus,1416-09-30 01:30 UT (Julian),2238524.5624999837,0.0003406805260794954,184.0049127074035,11.55770078482442,close_conjunction
Mercury,Venus,1416-11-13 18:47 UT (Julian),2238569.282638873,6.627305768347469e-05,240.15383563663846,0.3394680408578665,close_conjunction
Mars,Jupiter,1416-12-01 17:53 UT (Julian),2238587.245138874,0.00015520831919957345,318.19992895171686,59.43907642279663,close_conjunction
Mercury,Venus,1417-01-02 07:11 UT (Julian),2238618.7993055396,0.00013542239855723892,302.4076671974642,11.484004948528764,close_conjunction
Venus,Jupiter,1417-01-23 22:49 UT (Julian),2238640.4506944297,5.566893889863422e-06,329.50603138378676,16.59695465204402,close_conjunction
Mercury,Jupiter,1417-03-04 03:06 UT (Julian),2238679.629166653,0.0004750541111775419,338.92003684033466,13.273250637524143,close_conjunction
Venus,Mars,1417-03-21 19:32 UT (Julian),2238697.3138888725,0.00016518252931518873,39.56432590999291,29.909659276021785,close_conjunction
Venus,Saturn,1417-06-02 05:38 UT (Julian),2238769.7347222073,0.0003050892880196443,123.43125839976601,43.871244675425004,close_conjunction
Mercury,Mars,1417-07-01 13:33 UT (Julian),2238799.064583317,0.00010498375766587742,107.94537291641399,0.42640650410947956,close_conjunction
Mercury,Saturn,1417-07-11 11:22 UT (Julian),2238808.973611096,0.0006147925761013084,128.05653546453038,11.076764029242582,close_conjunction
Mars,Saturn,1417-08-07 05:56 UT (Julian),2238835.747222207,7.297927018612427e-05,131.47989116842507,11.194155812470996,close_conjunction
Mercury,Venus,1417-08-15 03:41 UT (Julian),2238843.6534722084,1.6243611412392056e-05,177.27321925279924,26.95672501717101,close_conjunction
Venus,Mars,1417-09-23 09:34 UT (Julian),2238882.898611097,0.00017038066229702054,161.36046925278134,27.353297625822137,close_conjunction
Venus,Mars,1417-11-14 05:04 UT (Julian),2238934.711111096,2.5886665298457956e-05,193.91565279964001,46.770160653281096,close_conjunction
Mercury,Jupiter,1418-03-11 04:49 UT (Julian),2239051.7006944297,0.0004595952287331784,8.350838036192746,9.391102210104123,close_conjunction
Venus,Jupiter,1418-04-17 17:29 UT (Julian),2239089.228472207,3.0291038854102226e-05,17.333332146914724,18.326546343302198,close_conjunction
Mercury,Venus,1418-04-27 21:04 UT (Julian),2239099.377777764,0.00023864869700673808,29.756639497240148,15.702768010111498,close_conjunction
Mercury,Venus,1418-06-12 19:55 UT (Julian),2239145.3298610947,0.0002607947375850017,86.06820280278706,3.3631666708504326,close_conjunction
Mercury,Saturn,1418-07-11 06:15 UT (Julian),2239173.760416651,0.0003264640430700183,139.90188823086083,23.35681378774933,close_conjunction
Venus,Saturn,1418-07-28 05:45 UT (Julian),2239190.739583318,5.6029468936458215e-05,141.9991874437692,9.193600602677634,close_conjunction
Mercury,Venus,1418-08-14 11:24 UT (Julian),2239207.974999985,9.65173621239046e-05,163.30256143739865,13.881190413569612,close_conjunction
Mars,Jupiter,1419-02-17 02:33 UT (Julian),2239394.606249983,9.916744846805159e-05,31.99500102138057,55.262540681220685,close_conjunction
Venus,Jupiter,1419-03-07 16:34 UT (Julian),2239413.190277763,6.975184959401304e-05,35.62619095642717,40.384573934198556,close_conjunction
Venus,Jupiter,1419-03-27 17:08 UT (Julian),2239433.2138888743,4.975539522433792e-05,39.978152443926646,25.018025313700633,close_conjunction
Mercury,Venus,1419-05-01 21:11 UT (Julian),2239468.3826388754,0.00011811343543399744,24.06988158557521,25.010000770731637,close_conjunction
Mercury,Jupiter,1419-05-19 08:02 UT (Julian),2239485.8347222055,0.00015431641966756615,52.2487754002888,13.567444265506737,close_conjunction
Mercury,Mars,1419-06-16 06:58 UT (Julian),2239513.790277762,0.00029319681232209405,110.01705765179162,17.525601758287053,close_conjunction
Venus,Jupiter,1419-07-01 13:48 UT (Julian),2239529.0749999834,6.154296826821337e-05,61.64233977873112,45.42328151055406,close_conjunction
Mercury,Mars,1419-08-03 15:49 UT (Julian),2239562.1590277636,0.0002417907530229968,140.77724581300245,2.027916788531428,close_conjunction
Mars,Saturn,1419-08-30 04:47 UT (Julian),2239588.699305541,0.00011062003798656406,157.69863335157248,6.765805937308301,close_conjunction
Mercury,Saturn,1419-09-03 20:02 UT (Julian),2239593.3347222055,7.15933364006105e-05,158.27625573781853,10.714369433541123,close_conjunction
Mercury,Mars,1419-09-05 19:55 UT (Julian),2239595.3298610947,1.0333348313906754e-05,161.94185017502534,9.000341762302497,close_conjunction
Venus,Saturn,1419-09-26 17:20 UT (Julian),2239616.222222207,0.00011651189151962171,161.02243055719208,30.50187013909118,close_conjunction
Venus,Mars,1419-10-21 06:07 UT (Julian),2239640.7548610955,0.00012895808512780604,191.28966435643343,24.71374771399752,close_conjunction
Mercury,Venus,1419-11-29 02:11 UT (Julian),2239679.5909722056,0.00011217738835966884,239.89727611693593,15.419943204986964,close_conjunction
Mercury,Venus,1420-01-23 08:19 UT (Julian),2239734.846527761,5.5417070655039424e-05,309.32097546992236,2.238851225250869,close_conjunction
Mercury,Venus,1420-03-04 23:32 UT (Julian),2239776.4805555404,0.0005748616994196709,1.308222047709011,8.00712329789917,close_conjunction
Venus,Jupiter,1420-05-04 10:58 UT (Julian),2239836.95694443,0.00016152052313600507,75.66917285806986,23.392459099588677,close_conjunction
Mercury,Jupiter,1420-05-22 18:58 UT (Julian),2239855.290277762,0.00032383460009555165,79.77154277382903,9.927123916403218,close_conjunction
Venus,Saturn,1420-07-17 20:13 UT (Julian),2239911.3423610944,3.432861691976541e-05,164.03427398651792,40.70235982376852,close_conjunction
Mercury,Saturn,1420-08-31 21:39 UT (Julian),2239956.4020833196,0.0004857710723058517,169.30512850913715,2.442828851358172,close_conjunction
Mercury,Venus,1420-11-29 06:32 UT (Julian),2240045.7722222065,5.02478978887666e-05,236.59734810140517,19.66880086763834,close_conjunction
Mars,Jupiter,1421-05-18 10:26 UT (Julian),2240215.934722208,2.958281214660019e-05,104.66900105192305,39.21925359337831,close_conjunction
Mercury,Jupiter,1421-06-11 19:06 UT (Julian),2240240.295833317,0.13747729310699697,109.61245331417835,20.90955479281328,close_conjunction
Mercury,Venus,1421-07-08 17:19 UT (Julian),2240267.2215277627,0.00018823271449264212,99.7024815843881,14.677127620603358,close_conjunction
Venus,Jupiter,1421-07-24 11:54 UT (Julian),2240282.995833318,2.01968133524133e-05,119.06496284669902,10.409471766222623,close_conjunction
Mercury,Jupiter,1421-07-29 06:10 UT (Julian),2240287.756944429,0.00025018855762937164,120.10660058670818,13.940837166190533,close_conjunction
Mercury,Venus,1421-08-05 03:15 UT (Julian),2240294.635416653,0.0001894877992469901,133.42831189203622,7.240172484204095,close_conjunction
Mercury,Mars,1421-08-21 03:32 UT (Julian),2240310.6472222083,0.00013433562443765368,164.16843007257813,8.016512349955377,close_conjunction
Mercury,Saturn,1421-08-30 14:46 UT (Julian),2240320.1152777607,0.0003538646394360967,180.18106674725743,14.810092237448117,close_conjunction
Venus,Mars,1421-09-08 08:56 UT (Julian),2240328.872222205,0.00011971675377253632,175.96398304723562,2.025422440468475,close_conjunction
Venus,Saturn,1421-09-13 01:32 UT (Julian),2240333.5638888725,0.00019743615624179256,181.81622836741843,3.2719029164196343,close_conjunction
Mars,Saturn,1421-09-18 07:22 UT (Julian),2240338.806944428,7.13977705686375e-05,182.45912778332007,1.2478896932520342,close_conjunction
Mercury,Venus,1421-10-14 18:07 UT (Julian),2240365.2548610955,0.00011191643059760281,221.4231973381349,11.42828995333187,close_conjunction
Mercury,Mars,1421-10-27 04:17 UT (Julian),2240377.678472208,0.00017465328556909299,208.3924509545031,14.08174354984979,close_conjunction
Mercury,Mars,1421-11-10 14:51 UT (Julian),2240392.1187499827,8.02578658181119e-05,218.25141405087177,18.813321755965774,close_conjunction
Mercury,Venus,1422-07-05 22:02 UT (Julian),2240629.4180555413,0.0005425134063159476,92.18267977549496,19.28205803748625,close_conjunction
Mercury,Jupiter,1422-08-02 20:49 UT (Julian),2240657.367361094,0.0001244823861270561,145.2414685839716,6.996644476690022,close_conjunction
Mercury,Saturn,1422-08-31 23:51 UT (Julian),2240686.4937499845,8.617628293450252e-05,191.1842482614935,24.707536687914114,close_conjunction
Venus,Jupiter,1422-10-06 20:12 UT (Julian),2240722.34166665,5.424948420795772e-05,158.7809408453531,43.06584120446141,close_conjunction
Mercury,Saturn,1422-10-07 04:05 UT (Julian),2240722.6701388746,0.00027724161719788754,195.50210648013572,6.672144173064453,close_conjunction
Mercury,Saturn,1422-10-20 20:05 UT (Julian),2240736.3368055387,0.00017273745586976474,197.13258644721463,18.721894381291207,close_conjunction
Venus,Saturn,1422-11-10 03:16 UT (Julian),2240756.6361110974,2.9562970979668535e-05,199.40083217643536,36.93084641730252,close_conjunction
Mercury,Venus,1423-01-28 06:46 UT (Julian),2240835.7819444286,0.00015137315097035753,297.4413184523443,19.3808112364498,close_conjunction
Mercury,Venus,1423-03-22 11:39 UT (Julian),2240888.9854166517,5.697558557926641e-05,3.5778816974401884,6.283130826293046,close_conjunction
Mercury,Venus,1423-05-14 01:12 UT (Julian),2240941.549999984,3.949002319814099e-05,68.3869037315802,7.602497158723111,close_conjunction
Venus,Mars,1423-07-28 23:11 UT (Julian),2241017.4659722075,2.5676927521089965e-05,161.16860926198413,27.87601680643084,close_conjunction
Venus,Jupiter,1423-08-04 17:00 UT (Julian),2241024.2083333186,0.0002476957708950067,169.3404634701486,29.56047701620753,close_conjunction
Mercury,Mars,1423-08-10 01:12 UT (Julian),2241029.549999984,0.00014181083602693434,168.874811604735,23.9412044223225,close_conjunction
Mercury,Jupiter,1423-08-11 09:11 UT (Julian),2241030.8826388754,0.0001884681717569947,170.69787079254982,24.476778992288047,close_conjunction
Mars,Jupiter,1423-08-13 14:18 UT (Julian),2241033.0958333164,0.00012071411626379813,171.154797234853,22.793957151188067,close_conjunction
Venus,Saturn,1423-08-31 16:54 UT (Julian),2241051.204166652,0.00022651803155326888,201.8463293043224,35.893741498782276,close_conjunction
Mercury,Mars,1423-09-11 00:32 UT (Julian),2241061.5222222065,0.00014356442645180323,189.7554266701245,13.696593767595715,close_conjunction
Mercury,Jupiter,1423-09-21 02:54 UT (Julian),2241071.6208333164,0.00020545181453712758,179.40441303116228,6.599189433942968,close_conjunction
Mars,Saturn,1423-10-04 17:02 UT (Julian),2241085.2097222074,0.0001622340762139629,205.72093567054583,6.240199837149618,close_conjunction
Mercury,Jupiter,1423-10-05 15:49 UT (Julian),2241086.1590277636,0.00021247680700753335,182.51914554561992,17.90730116561636,close_conjunction
Mercury,Saturn,1423-10-22 02:23 UT (Julian),2241102.599305539,0.00026403561017218635,207.80577236953644,9.069052850555721,close_conjunction
Mercury,Mars,1423-11-01 22:45 UT (Julian),2241113.447916652,0.0002517441759266603,225.34158992714225,2.46204345538456,close_conjunction
Mercury,Mars,1424-01-17 18:26 UT (Julian),2241190.26805554,5.5689085684207384e-05,281.86207061401274,24.067973062044302,close_conjunction
Mercury,Mars,1424-01-25 05:45 UT (Julian),2241197.739583318,4.467007613584428e-05,287.56565342139027,25.931535864532634,close_conjunction
Mercury,Venus,1424-02-13 06:21 UT (Julian),2241216.7645833176,0.000281762382769557,312.0038749037671,20.663291786507386,close_conjunction
Venus,Mars,1424-02-25 08:21 UT (Julian),2241228.8479166497,0.00018766435516681668,311.5525605195548,33.193473779356566,close_conjunction
Venus,Mars,1424-04-24 15:58 UT (Julian),2241288.1652777637,7.237218261479939e-05,357.4051798588688,45.47382774734899,close_conjunction
Mercury,Venus,1424-09-10 18:12 UT (Julian),2241427.258333318,0.0001057097465491097,160.60965515519476,15.935243840765764,close_conjunction
Mercury,Venus,1424-09-29 23:19 UT (Julian),2241446.4715277627,0.00015823090771505122,184.56170005077615,10.964703458659926,close_conjunction
Mercury,Jupiter,1424-10-13 19:38 UT (Julian),2241460.3180555394,0.0002881929581235454,207.96810059411362,1.3621118916673538,close_conjunction
Venus,Jupiter,1424-10-19 16:01 UT (Julian),2241466.167361097,4.693758191365305e-05,209.2503020693655,5.944160631731478,close_conjunction
Mercury,Saturn,1424-10-19 23:47 UT (Julian),2241466.490972207,0.0003883942977722654,217.98162584407902,2.462161618202771,close_conjunction
Venus,Saturn,1424-10-27 07:25 UT (Julian),2241473.8090277617,0.0003324427238453609,218.8533473229996,4.029510108249781,close_conjunction
Mercury,Venus,1424-12-12 18:24 UT (Julian),2241520.2666666512,0.0005071591613727833,277.2874283229164,7.238831635426152,close_conjunction
Jupiter,Saturn,1425-02-14 14:47 UT (Julian),2241584.115972205,4.416088216885328e-06,227.3032443158997,107.47648627030526,great_conjunction
Jupiter,Saturn,1425-03-18 07:33 UT (Julian),2241615.814583317,4.103895292928428e-06,226.5501902913433,139.7133019397777,great_conjunction
Jupiter,Saturn,1425-08-26 07:33 UT (Julian),2241776.814583317,1.191297246805334e-05,222.67265221489876,61.467461195990325,great_conjunction
Mercury,Venus,1425-09-09 21:20 UT (Julian),2241791.388888875,0.0005692088080593294,162.2356926819362,13.21512587325023,close_conjunction
Mars,Saturn,1425-10-16 11:07 UT (Julian),2241827.9631944294,9.999282286798916e-05,227.7314247031856,15.994220650685236,close_conjunction
Mercury,Saturn,1425-10-19 07:32 UT (Julian),2241830.8138888725,0.0004431569713005956,228.0612194237914,13.464531254432927,close_conjunction
Mercury,Mars,1425-10-21 12:26 UT (Julian),2241833.01805554,0.00014468421775859497,231.35572549864463,14.545701933913705,close_conjunction
Mercury,Jupiter,1425-10-23 05:34 UT (Julian),2241834.731944429,0.00026129226569082675,233.89234285093792,15.359912960306218,close_conjunction
Mars,Jupiter,1425-10-25 19:51 UT (Julian),2241837.3270833166,0.00016024387068114265,234.46383552193066,13.321014968640526,close_conjunction
Mercury,Mars,1425-11-28 11:22 UT (Julian),2241870.973611096,0.0006763644070133523,259.32532642291665,4.08890955041602,close_conjunction
Venus,Saturn,1425-12-21 02:54 UT (Julian),2241893.6208333164,0.00018018728184188149,235.14019386447487,43.185561627155636,close_conjunction
Venus,Jupiter,1426-01-02 02:25 UT (Julian),2241905.6006944277,5.682569738496568e-05,249.29968422598984,41.231626572102755,close_conjunction
Mercury,Mars,1426-01-23 04:50 UT (Julian),2241926.701388874,0.00012227779438944708,302.30958202089766,9.653972467844483,close_conjunction
Venus,Mars,1426-03-27 10:29 UT (Julian),2241989.936805541,2.6250725113641238e-06,351.9006241026197,23.085297717881303,close_conjunction
Mercury,Venus,1426-04-04 06:30 UT (Julian),2241997.7708333177,5.384317705647845e-05,1.4985337709148092,21.141284078155195,close_conjunction
Mercury,Mars,1426-04-13 19:14 UT (Julian),2242007.301388873,0.45536937403633715,5.519577013011292,26.390521774046448,close_conjunction
Mercury,Venus,1426-05-15 07:57 UT (Julian),2242038.8312499835,0.00017765150172976973,51.7909191539713,10.48908049078679,close_conjunction
Mercury,Venus,1426-07-23 02:41 UT (Julian),2242107.6118055386,5.937632352015498e-05,136.3402488684242,8.399100472889245,close_conjunction
Venus,Saturn,1426-10-13 00:49 UT (Julian),2242189.534027762,0.00031381967119159526,237.45349612189943,29.39538096492359,close_conjunction
Mercury,Saturn,1426-10-20 22:50 UT (Julian),2242197.451388874,7.267559070101015e-05,238.32264862985545,22.331414518692952,close_conjunction
Venus,Jupiter,1426-11-01 00:42 UT (Julian),2242208.529166651,0.000290851896750155,260.75581460020624,33.60743440219986,close_conjunction
Mercury,Saturn,1426-11-14 05:55 UT (Julian),2242221.7465277626,3.652185964142518e-05,241.1360816606358,0.6100744732168266,close_conjunction
Mercury,Saturn,1426-12-08 04:30 UT (Julian),2242245.6874999856,0.0003868171530427844,243.91844198443363,20.96910103749542,close_conjunction
Mercury,Jupiter,1426-12-29 04:15 UT (Julian),2242266.677083319,5.236590010326836e-05,273.8932399611299,12.394458318395436,close_conjunction
Mercury,Venus,1427-04-22 23:04 UT (Julian),2242381.461111096,0.0007273425986511484,23.699113269964336,16.838280488544626,close_conjunction
Mars,Saturn,1427-10-26 03:06 UT (Julian),2242567.629166653,0.00011362081193055928,248.9275555881288,27.9659600681741,close_conjunction
Mercury,Venus,1427-11-11 01:30 UT (Julian),2242583.5624999837,9.07227231152774e-05,217.93109443035445,19.12185565110488,close_conjunction
Mercury,Venus,1427-12-06 19:47 UT (Julian),2242609.324305539,8.56011054679584e-05,250.2855241501409,12.963592123147436,close_conjunction
Mercury,Saturn,1427-12-09 06:42 UT (Julian),2242611.779166651,7.271651188034411e-05,254.01503104804812,11.735996129112664,close_conjunction
Venus,Saturn,1427-12-09 20:13 UT (Julian),2242612.3423610944,7.177350005349581e-05,254.08023724762796,12.244894049980644,close_conjunction
Mars,Jupiter,1428-01-01 07:41 UT (Julian),2242634.8201388726,0.00012467816492289785,300.67620786680607,11.433600533460549,close_conjunction
Mercury,Jupiter,1428-01-08 02:14 UT (Julian),2242641.593055539,0.00043842697061791114,302.2772269975591,6.1432270554544175,close_conjunction
Mercury,Mars,1428-01-12 00:32 UT (Julian),2242645.5222222065,1.4833075397291395e-05,309.12632641849154,8.997928237310816,close_conjunction
Venus,Jupiter,1428-01-19 07:43 UT (Julian),2242652.8215277614,9.569999548375563e-05,304.94904678994317,2.590802263828209,close_conjunction
Venus,Mars,1428-02-09 20:18 UT (Julian),2242674.3458333164,0.00013143099312173945,331.90493994037627,2.637156258204982,close_conjunction
Mercury,Venus,1428-02-11 23:30 UT (Julian),2242676.4791666516,0.0004438526532908327,334.5713219722604,3.1606484006458118,close_conjunction
Mercury,Mars,1428-02-12 12:46 UT (Julian),2242677.0319444286,0.0002139024299481207,334.021460791732,2.055863419088041,close_conjunction
Mercury,Mars,1428-04-12 08:11 UT (Julian),2242736.8409722056,4.589789881492834e-05,20.185433089039417,10.805065369161724,close_conjunction
Mercury,Venus,1428-11-20 05:12 UT (Julian),2242958.716666652,0.0006006461875642799,236.90909371186916,10.204436529608842,close_conjunction
Mercury,Saturn,1428-12-07 09:59 UT (Julian),2242975.915972208,0.00035803086700525455,263.8238638734648,0.7997088484615347,close_conjunction
Venus,Saturn,1429-01-27 00:13 UT (Julian),2243026.5090277623,0.00021899059930774456,269.33978453053294,46.745148559170445,close_conjunction
Mercury,Jupiter,1429-03-16 20:12 UT (Julian),2243075.34166665,5.870727954970789e-05,345.8861105172677,18.968295797878454,close_conjunction
Venus,Jupiter,1429-04-09 03:36 UT (Julian),2243098.649999986,1.3702761521017237e-06,351.1724389668756,36.491622172236134,close_conjunction
Mercury,Venus,1429-06-17 12:05 UT (Julian),2243168.0034722066,0.0002134505251660812,74.49363899793457,19.71476486126636,close_conjunction
Mercury,Venus,1429-07-05 23:35 UT (Julian),2243186.4826388736,0.0001896231835587514,97.02185247988288,14.808230211343528,close_conjunction
Mercury,Venus,1429-09-23 20:07 UT (Julian),2243266.3381944275,0.00044419463262102,195.95382797462761,6.719550978914498,close_conjunction
Mars,Saturn,1429-11-01 07:32 UT (Julian),2243304.8138888725,0.00010980774806057525,269.80359586571205,42.087455070197365,close_conjunction
Venus,Saturn,1429-11-23 19:53 UT (Julian),2243327.328472206,0.00036294486926635727,272.17725616054275,21.63973797737313,close_conjunction
Mercury,Saturn,1429-12-06 07:40 UT (Julian),2243339.819444428,0.0004188809252241299,273.60959268737395,10.349546389923546,close_conjunction
Venus,Mars,1429-12-26 11:52 UT (Julian),2243359.994444429,9.734337845657137e-05,312.80957028334996,28.980541202118957,close_conjunction
Venus,Jupiter,1430-02-07 06:05 UT (Julian),2243402.7534722066,0.0001483317381598681,4.982289775834476,37.801976503477874,close_conjunction
Mars,Jupiter,1430-03-13 23:41 UT (Julian),2243437.4868055405,3.1255138452479514e-05,12.944785526596704,11.14877082157733,close_conjunction
Mercury,Jupiter,1430-03-24 08:38 UT (Julian),2243447.8597222054,0.000498607468443879,15.43055158122214,3.4267644137265165,close_conjunction
Mercury,Mars,1430-03-28 06:37 UT (Julian),2243451.7756944285,0.0002547941789430297,23.628146384880736,7.785765593199898,close_conjunction
Mercury,Mars,1430-05-12 10:29 UT (Julian),2243496.936805541,0.0004171986814185402,56.25751101524397,3.284063163895439,close_conjunction
Mercury,Mars,1430-06-21 12:13 UT (Julian),2243537.0090277623,0.0001894569459750528,83.79714332597827,13.99746179554927,close_conjunction
Mercury,Venus,1430-06-26 07:14 UT (Julian),2243541.801388873,0.0005922011094980917,93.4126866941127,8.951112412367706,close_conjunction
Venus,Mars,1430-07-01 20:15 UT (Julian),2243547.3437499832,0.0003430484331943262,90.70272463505195,16.94605493149504,close_conjunction
Venus,Mars,1430-09-23 04:44 UT (Julian),2243630.6972222077,0.00014629464178028684,143.83703488602043,44.527139249105744,close_conjunction
Mercury,Saturn,1430-12-07 08:29 UT (Julian),2243705.8534722053,0.0001715184710064932,283.7136635838983,19.64472336204119,close_conjunction
Mercury,Saturn,1430-12-23 12:30 UT (Julian),2243722.0208333177,0.00020972847909206394,285.5939405351385,5.036255658028722,close_conjunction
