year,month,decimal_year,body,longitude_deg
1404,1,1404.0416666666667,Mercury,285.30994803764764
1404,1,1404.0416666666667,Venus,298.12143375303543
1404,1,1404.0416666666667,Mars,17.01679582055698
1404,1,1404.0416666666667,Jupiter,296.2781814584046
1404,1,1404.0416666666667,Saturn,313.0184792482596
1404,2,1404.125,Mercury,312.6071921532641
1404,2,1404.125,Venus,336.9353046399191
1404,2,1404.125,Mars,37.17724289956443
1404,2,1404.125,Jupiter,303.38957574002967
1404,2,1404.125,Saturn,316.7207303381488
1404,3,1404.2083333333333,Mercury,3.4435205323956124
1404,3,1404.2083333333333,Venus,13.009918467245079
1404,3,1404.2083333333333,Mars,55.97900290564221
1404,3,1404.2083333333333,Jupiter,309.2809920281111
1404,3,1404.2083333333333,Saturn,319.86698977044034
1404,4,1404.2916666666667,Mercury,53.43646751498877
1404,4,1404.2916666666667,Venus,51.21896574303351
1404,4,1404.2916666666667,Mars,75.89690592946616
1404,4,1404.2916666666667,Jupiter,314.07378986250865
1404,4,1404.2916666666667,Saturn,322.3946703673947
1404,5,1404.375,Mercury,46.58938635228774
1404,5,1404.375,Venus,87.78610737437873
1404,5,1404.375,Mars,94.99116506792039
1404,5,1404.375,Jupiter,316.508068866076
1404,5,1404.375,Saturn,323.6116512155418
1404,6,1404.4583333333333,Mercury,77.71745413916318
1404,6,1404.4583333333333,Venus,125.04954164718983
1404,6,1404.4583333333333,Mars,114.60255386171853
1404,6,1404.4583333333333,Jupiter,316.1474093120271
1404,6,1404.4583333333333,Saturn,323.36045756386176
1404,7,1404.5416666666667,Mercury,137.96302429119277
1404,7,1404.5416666666667,Venus,160.3460483130054
1404,7,1404.5416666666667,Mars,133.5672617302603
1404,7,1404.5416666666667,Jupiter,313.2357564331639
1404,7,1404.5416666666667,Saturn,321.8028304212275
1404,8,1404.625,Mercury,176.9671279584898
1404,8,1404.625,Venus,195.42489451196616
1404,8,1404.625,Mars,153.27019711644442
1404,8,1404.625,Jupiter,309.32331215063647
1404,8,1404.625,Saturn,319.5264011430177
1404,9,1404.7083333333333,Mercury,164.8245735966654
1404,9,1404.7083333333333,Venus,227.55213809967466
1404,9,1404.7083333333333,Mars,173.1986643907642
1404,9,1404.7083333333333,Jupiter,307.0081549346264
1404,9,1404.7083333333333,Saturn,317.6361340819098
1404,10,1404.7916666666667,Mercury,207.17613291315737
1404,10,1404.7916666666667,Venus,251.01926435758173
1404,10,1404.7916666666667,Mars,192.79274566164287
1404,10,1404.7916666666667,Jupiter,307.62904570640984
1404,10,1404.7916666666667,Saturn,317.0259947379643
1404,11,1404.875,Mercury,255.85615320011271
1404,11,1404.875,Venus,251.43002403987506
1404,11,1404.875,Mars,213.42566480587683
1404,11,1404.875,Jupiter,311.13393252883264
1404,11,1404.875,Saturn,317.98695363849976
1404,12,1404.9583333333333,Mercury,282.98753940209826
1404,12,1404.9583333333333,Venus,240.69958586136292
1404,12,1404.9583333333333,Mars,233.79920495470412
1404,12,1404.9583333333333,Jupiter,316.5686224157949
1404,12,1404.9583333333333,Saturn,320.28527448939275
1405,1,1405.0416666666667,Mercury,279.53821137446175
1405,1,1405.0416666666667,Venus,258.60461257058074
1405,1,1405.0416666666667,Mars,255.27292330323604
1405,1,1405.0416666666667,Jupiter,323.4569623596701
1405,1,1405.0416666666667,Saturn,323.61407443003577
1405,2,1405.125,Mercury,325.4997898935601
1405,2,1405.125,Venus,289.41874658539984
1405,2,1405.125,Mars,277.1395875372677
1405,2,1405.125,Jupiter,330.88660231008106
1405,2,1405.125,Saturn,327.3494959837852
1405,3,1405.2083333333333,Mercury,19.092201796077898
1405,3,1405.2083333333333,Venus,320.79901021778244
1405,3,1405.2083333333333,Mars,297.1484961466597
1405,3,1405.2083333333333,Jupiter,337.50832949690846
1405,3,1405.2083333333333,Saturn,330.5992094339644
1405,4,1405.2916666666667,Mercury,30.673476515609266
1405,4,1405.2916666666667,Venus,357.0277182209094
1405,4,1405.2916666666667,Mars,319.3870423094744
1405,4,1405.2916666666667,Jupiter,344.1552735355644
1405,4,1405.2916666666667,Saturn,333.5639768221956
1405,5,1405.375,Mercury,38.42831743413975
1405,5,1405.375,Venus,32.759032940658784
1405,5,1405.375,Mars,340.5963592118684
1405,5,1405.375,Jupiter,349.28219724715854
1405,5,1405.375,Saturn,335.3604530027212
1405,6,1405.4583333333333,Mercury,95.29759970385346
1405,6,1405.4583333333333,Venus,70.10742673833387
1405,6,1405.4583333333333,Mars,1.4021172435652565
1405,6,1405.4583333333333,Jupiter,352.479030696498
1405,6,1405.4583333333333,Saturn,335.7644284263445
1405,7,1405.5416666666667,Mercury,147.02383069695844
1405,7,1405.5416666666667,Venus,106.66422384945078
1405,7,1405.5416666666667,Mars,19.086449978568982
1405,7,1405.5416666666667,Jupiter,352.857553322322
1405,7,1405.5416666666667,Saturn,334.7035542279754
1405,8,1405.625,Mercury,157.50980103507135
1405,8,1405.625,Venus,144.8946170868197
1405,8,1405.625,Mars,32.08552640566781
1405,8,1405.625,Jupiter,350.3502234765545
1405,8,1405.625,Saturn,332.56905172576455
1405,9,1405.7083333333333,Mercury,168.41374589795723
1405,9,1405.7083333333333,Venus,183.4889280591019
1405,9,1405.7083333333333,Mars,34.76715435816735
1405,9,1405.7083333333333,Jupiter,346.3422706215506
1405,9,1405.7083333333333,Saturn,330.3647314494813
1405,10,1405.7916666666667,Mercury,219.06030012286757
1405,10,1405.7916666666667,Venus,221.00430817980538
1405,10,1405.7916666666667,Mars,26.247273398918423
1405,10,1405.7916666666667,Jupiter,343.54788619383254
1405,10,1405.7916666666667,Saturn,329.17285212121203
1405,11,1405.875,Mercury,263.0219599641768
1405,11,1405.875,Venus,259.79335668068876
1405,11,1405.875,Mars,20.862989888292194
1405,11,1405.875,Jupiter,343.5759372412579
1405,11,1405.875,Saturn,329.49938031003256
1405,12,1405.9583333333333,Mercury,252.74298233934005
1405,12,1405.9583333333333,Venus,297.2434190913511
1405,12,1405.9583333333333,Mars,26.626083051626154
1405,12,1405.9583333333333,Jupiter,346.54588738250897
1405,12,1405.9583333333333,Saturn,331.32075484211657
1406,1,1406.0416666666667,Mercury,286.8945348493261
1406,1,1406.0416666666667,Venus,335.6152985948912
1406,1,1406.0416666666667,Mars,39.45221498103973
1406,1,1406.0416666666667,Jupiter,351.8965064133485
1406,1,1406.0416666666667,Saturn,334.37031937040445
1406,2,1406.125,Mercury,340.1916278257139
1406,2,1406.125,Venus,13.168088811984546
1406,2,1406.125,Mars,55.5242173925095
1406,2,1406.125,Jupiter,358.66255700726634
1406,2,1406.125,Saturn,338.05740342133515
1406,3,1406.2083333333333,Mercury,17.765517796147297
1406,3,1406.2083333333333,Venus,45.71128465400715
1406,3,1406.2083333333333,Mars,71.3444720511464
1406,3,1406.2083333333333,Jupiter,5.3360957033758
1406,3,1406.2083333333333,Saturn,341.4569612708083
1406,4,1406.2916666666667,Mercury,8.609519685047054
1406,4,1406.2916666666667,Venus,78.78869771228167
1406,4,1406.2916666666667,Mars,89.57080761381286
1406,4,1406.2916666666667,Jupiter,12.74434857929393
1406,4,1406.2916666666667,Saturn,344.79306439004813
1406,5,1406.375,Mercury,47.622863487174236
1406,5,1406.375,Venus,103.96622627841758
1406,5,1406.375,Mars,107.61505456462899
1406,5,1406.375,Jupiter,19.386698157448418
1406,5,1406.375,Saturn,347.13069821410784
1406,6,1406.4583333333333,Mercury,110.97264369302576
1406,6,1406.4583333333333,Venus,109.73271757000133
1406,6,1406.4583333333333,Mars,126.57552477747288
1406,6,1406.4583333333333,Jupiter,25.0838024181551
1406,6,1406.4583333333333,Saturn,348.2090294300542
1406,7,1406.5416666666667,Mercury,144.0748466583627
1406,7,1406.5416666666667,Venus,95.29089705226205
1406,7,1406.5416666666667,Mars,145.24136934302118
1406,7,1406.5416666666667,Jupiter,28.765471013021404
1406,7,1406.5416666666667,Saturn,347.7542688217052
1406,8,1406.625,Mercury,132.92904083772535
1406,8,1406.625,Venus,106.52452874465138
1406,8,1406.625,Mars,164.9283479410079
1406,8,1406.625,Jupiter,29.892160608847117
1406,8,1406.625,Saturn,345.9527889561859
1406,9,1406.7083333333333,Mercury,182.09200409476017
1406,9,1406.7083333333333,Venus,134.71592030235877
1406,9,1406.7083333333333,Mars,185.1147406575349
1406,9,1406.7083333333333,Jupiter,27.934123518416886
1406,9,1406.7083333333333,Saturn,343.6076806999624
1406,10,1406.7916666666667,Mercury,229.12871623930104
1406,10,1406.7916666666667,Venus,167.8613985864247
1406,10,1406.7916666666667,Mars,205.21001662784926
1406,10,1406.7916666666667,Jupiter,24.103646620148133
1406,10,1406.7916666666667,Saturn,341.8981042109173
1406,11,1406.875,Mercury,249.21503755882026
1406,11,1406.875,Venus,204.78634198416827
1406,11,1406.875,Mars,226.6160572594798
1406,11,1406.875,Jupiter,20.711433138261416
1406,11,1406.875,Saturn,341.5517828716272
1406,12,1406.9583333333333,Mercury,251.46399277507837
1406,12,1406.9583333333333,Venus,241.67670504480054
1406,12,1406.9583333333333,Mars,247.9721640320086
1406,12,1406.9583333333333,Jupiter,20.059441918950366
1406,12,1406.9583333333333,Saturn,342.80889296560696
1407,1,1407.0416666666667,Mercury,298.2854878982024
1407,1,1407.0416666666667,Venus,280.2124799036012
1407,1,1407.0416666666667,Mars,270.671485659335
1407,1,1407.0416666666667,Jupiter,22.516199438708703
1407,1,1407.0416666666667,Saturn,345.47833052709905
1407,2,1407.125,Mercury,352.60440558349177
1407,2,1407.125,Venus,318.80574369591375
1407,2,1407.125,Mars,293.9136257343863
1407,2,1407.125,Jupiter,27.435910473091436
1407,2,1407.125,Saturn,349.0212209751626
1407,3,1407.2083333333333,Mercury,348.8589234571286
1407,3,1407.2083333333333,Venus,353.5753633405942
1407,3,1407.2083333333333,Mars,315.2184034630679
1407,3,1407.2083333333333,Jupiter,33.21695600780195
1407,3,1407.2083333333333,Saturn,352.49163096990566
1407,4,1407.2916666666667,Mercury,8.577993622757132
1407,4,1407.2916666666667,Venus,31.899108068173838
1407,4,1407.2916666666667,Mars,338.8809242624222
1407,4,1407.2916666666667,Jupiter,40.36199747553472
1407,4,1407.2916666666667,Saturn,356.1206555701785
1407,5,1407.375,Mercury,65.35694978751758
1407,5,1407.375,Venus,68.81638496114164
1407,5,1407.375,Mars,1.4892658800543643
1407,5,1407.375,Jupiter,47.43159954922133
1407,5,1407.375,Saturn,358.9424382244928
1407,6,1407.4583333333333,Mercury,117.51749022576169
1407,6,1407.4583333333333,Venus,106.83877641635739
1407,6,1407.4583333333333,Mars,24.06151710588936
1407,6,1407.4583333333333,Jupiter,54.33407179659188
1407,6,1407.4583333333333,Saturn,0.682489986817817
1407,7,1407.5416666666667,Mercury,118.82488778529793
1407,7,1407.5416666666667,Venus,143.51450513276728
1407,7,1407.5416666666667,Mars,44.55994772022133
1407,7,1407.5416666666667,Jupiter,60.05230532055434
1407,7,1407.5416666666667,Saturn,0.9065001611508327
1407,8,1407.625,Mercury,139.07044335204023
1407,8,1407.625,Venus,181.17734230331504
1407,8,1407.625,Mars,63.48130077061521
1407,8,1407.625,Jupiter,64.24761205683501
1407,8,1407.625,Saturn,359.6165993038129
1407,9,1407.7083333333333,Mercury,194.5344418057529
1407,9,1407.7083333333333,Venus,218.40438844500497
1407,9,1407.7083333333333,Mars,78.51341600393629
1407,9,1407.7083333333333,Jupiter,65.86764191010859
1407,9,1407.7083333333333,Saturn,357.3419566823308
1407,10,1407.7916666666667,Mercury,233.61325242824017
1407,10,1407.7916666666667,Venus,253.69282491499456
1407,10,1407.7916666666667,Mars,86.2663659777324
1407,10,1407.7916666666667,Jupiter,64.47245452366914
1407,10,1407.7916666666667,Saturn,355.2352638246623
1407,11,1407.875,Mercury,221.98948629028706
1407,11,1407.875,Venus,288.4304510003827
1407,11,1407.875,Mars,82.50009356301096
1407,11,1407.875,Jupiter,60.700522238784146
1407,11,1407.875,Saturn,354.2128946536652
1407,12,1407.9583333333333,Mercury,260.42883652047493
1407,12,1407.9583333333333,Venus,317.36452077169963
1407,12,1407.9583333333333,Mars,71.62120101245225
1407,12,1407.9583333333333,Jupiter,57.10404653360538
1407,12,1407.9583333333333,Saturn,354.824243312613
1408,1,1408.0416666666667,Mercury,311.4684162013949
1408,1,1408.0416666666667,Venus,331.6735717838901
1408,1,1408.0416666666667,Mars,68.96101612256136
1408,1,1408.0416666666667,Jupiter,55.8307637872924
1408,1,1408.0416666666667,Saturn,357.0040988367999
1408,2,1408.125,Mercury,339.96492117247465
1408,2,1408.125,Venus,317.62884114406313
1408,2,1408.125,Mars,76.66028194074899
1408,2,1408.125,Jupiter,57.71153428545046
1408,2,1408.125,Saturn,0.29547466486262736
1408,3,1408.2083333333333,Mercury,335.86333654861915
1408,3,1408.2083333333333,Venus,322.20499650704926
1408,3,1408.2083333333333,Mars,88.89134578057904
1408,3,1408.2083333333333,Jupiter,61.7819046485295
1408,3,1408.2083333333333,Saturn,3.8736455983580202
1408,4,1408.2916666666667,Mercury,21.88500188370396
1408,4,1408.2916666666667,Venus,347.77637207400727
1408,4,1408.2916666666667,Mars,104.62748163052171
1408,4,1408.2916666666667,Jupiter,67.73712273330446
1408,4,1408.2916666666667,Saturn,7.697459171263304
1408,5,1408.375,Mercury,82.69560339424302
1408,5,1408.375,Venus,19.211113129432167
1408,5,1408.375,Mars,121.300546412532
1408,5,1408.375,Jupiter,74.34893631963715
1408,5,1408.375,Saturn,10.906316641629093
1408,6,1408.4583333333333,Mercury,106.0818665581723
1408,6,1408.4583333333333,Venus,54.27793940035196
1408,6,1408.4583333333333,Mars,139.49660332297734
1408,6,1408.4583333333333,Jupiter,81.43701385334863
1408,6,1408.4583333333333,Saturn,13.226651362325528
1408,7,1408.5416666666667,Mercury,101.6142191375093
1408,7,1408.5416666666667,Venus,89.52293030863333
1408,7,1408.5416666666667,Mars,157.858923014179
1408,7,1408.5416666666667,Jupiter,88.01305527095637
1408,7,1408.5416666666667,Saturn,14.11079899793907
1408,8,1408.625,Mercury,156.57411676718132
1408,8,1408.625,Venus,126.9358041140085
1408,8,1408.625,Mars,177.57650099404157
1408,8,1408.625,Jupiter,93.92031775426652
1408,8,1408.625,Saturn,13.425432740233122
1408,9,1408.7083333333333,Mercury,204.81488384970137
1408,9,1408.7083333333333,Venus,165.16035852435112
1408,9,1408.7083333333333,Mars,198.08246929819526
1408,9,1408.7083333333333,Jupiter,98.18761129156411
1408,9,1408.7083333333333,Saturn,11.417401772596211
1408,10,1408.7916666666667,Mercury,214.9315381549794
1408,10,1408.7916666666667,Venus,202.65696214555277
1408,10,1408.7916666666667,Mars,218.72015583686087
1408,10,1408.7916666666667,Jupiter,99.94411527275709
1408,10,1408.7916666666667,Saturn,9.100973895171789
1408,11,1408.875,Mercury,226.7061335106134
1408,11,1408.875,Venus,241.62831658794934
1408,11,1408.875,Mars,240.88152288793458
1408,11,1408.875,Jupiter,98.72899036960425
1408,11,1408.875,Saturn,7.497424356916625
1408,12,1408.9583333333333,Mercury,273.35603980657663
1408,12,1408.9583333333333,Venus,279.37119625461185
1408,12,1408.9583333333333,Mars,263.0951173652681
1408,12,1408.9583333333333,Jupiter,95.2021809860047
1408,12,1408.9583333333333,Saturn,7.45784191198472
1409,1,1409.0416666666667,Mercury,322.5832393529468
1409,1,1409.0416666666667,Venus,318.2689868834297
1409,1,1409.0416666666667,Mars,286.7154251844653
1409,1,1409.0416666666667,Jupiter,91.41059654588157
1409,1,1409.0416666666667,Saturn,9.08767929132376
1409,2,1409.125,Mercury,311.7558719139532
1409,2,1409.125,Venus,356.87335341928537
1409,2,1409.125,Mars,310.7894452964844
1409,2,1409.125,Jupiter,89.89416756512094
1409,2,1409.125,Saturn,12.044372857528103
1409,3,1409.2083333333333,Mercury,340.6750300450192
1409,3,1409.2083333333333,Venus,31.26684706530754
1409,3,1409.2083333333333,Mars,332.6660448700998
1409,3,1409.2083333333333,Jupiter,91.15606258378205
1409,3,1409.2083333333333,Saturn,15.392997300960756
1409,4,1409.2916666666667,Mercury,39.50729996448532
1409,4,1409.2916666666667,Venus,68.53584157972216
1409,4,1409.2916666666667,Mars,356.70192109722745
1409,4,1409.2916666666667,Jupiter,94.993091032994
1409,4,1409.2916666666667,Saturn,19.32508706565947
1409,5,1409.375,Mercury,84.44080002006534
1409,5,1409.375,Venus,103.37874292521495
1409,5,1409.375,Mars,19.4460704996294
1409,5,1409.375,Jupiter,100.36333201539058
1409,5,1409.375,Saturn,22.862771598674566
1409,6,1409.4583333333333,Mercury,77.97599367169148
1409,6,1409.4583333333333,Venus,137.13277148370818
1409,6,1409.4583333333333,Mars,42.09385702801782
1409,6,1409.4583333333333,Jupiter,106.87543618733444
1409,6,1409.4583333333333,Saturn,25.74065621640877
1409,7,1409.5416666666667,Mercury,111.2337320084444
1409,7,1409.5416666666667,Venus,164.98077587191293
1409,7,1409.5416666666667,Mars,62.901576225485684
1409,7,1409.5416666666667,Jupiter,113.52123234757094
1409,7,1409.5416666666667,Saturn,27.326052054641927
1409,8,1409.625,Mercury,169.4466899512788
1409,8,1409.625,Venus,179.58588614595368
1409,8,1409.625,Mars,82.91231946680695
1409,8,1409.625,Jupiter,120.18516021568311
1409,8,1409.625,Saturn,27.387738928074096
1409,9,1409.7083333333333,Mercury,204.6133409103158
1409,9,1409.7083333333333,Venus,166.4380946602103
1409,9,1409.7083333333333,Mars,100.82344342249593
1409,9,1409.7083333333333,Jupiter,126.02533471211764
1409,9,1409.7083333333333,Saturn,25.879858522398248
1409,10,1409.7916666666667,Mercury,192.11548721368513
1409,10,1409.7916666666667,Venus,169.32899933348426
1409,10,1409.7916666666667,Mars,115.01156409208596
1409,10,1409.7916666666667,Jupiter,130.17770670899364
1409,10,1409.7916666666667,Saturn,23.561580685518017
1409,11,1409.875,Mercury,237.4206631268224
1409,11,1409.875,Venus,195.15244942979118
1409,11,1409.875,Mars,123.83734102534747
1409,11,1409.875,Jupiter,132.07209563413113
1409,11,1409.875,Saturn,21.448778057717384
1409,12,1409.9583333333333,Mercury,285.07206858172145
1409,12,1409.9583333333333,Venus,227.79856783276702
1409,12,1409.9583333333333,Mars,122.41466041597174
1409,12,1409.9583333333333,Jupiter,131.02218887902234
1409,12,1409.9583333333333,Saturn,20.68292277099971
1410,1,1410.0416666666667,Mercury,303.019327874695
1410,1,1410.0416666666667,Venus,264.30735508489715
1410,1,1410.0416666666667,Mars,111.23915125096515
1410,1,1410.0416666666667,Jupiter,127.50862671184409
1410,1,1410.0416666666667,Saturn,21.61423090797926
1410,2,1410.125,Mercury,309.1522534219735
1410,2,1410.125,Venus,301.8324460285891
1410,2,1410.125,Mars,105.3537920156241
1410,2,1410.125,Jupiter,123.73094900142252
1410,2,1410.125,Saturn,24.083199181360197
1410,3,1410.2083333333333,Mercury,352.96456867967635
1410,3,1410.2083333333333,Venus,336.02035574338873
1410,3,1410.2083333333333,Mars,109.67209250161144
1410,3,1410.2083333333333,Jupiter,122.10113401358707
1410,3,1410.2083333333333,Saturn,27.209467419685478
1410,4,1410.2916666666667,Mercury,53.13531487984313
1410,4,1410.2916666666667,Venus,13.946212958458863
1410,4,1410.2916666666667,Mars,121.03642626569618
1410,4,1410.2916666666667,Jupiter,123.0957044037229
1410,4,1410.2916666666667,Saturn,31.135028282718817
1410,5,1410.375,Mercury,62.758194423946854
1410,5,1410.375,Venus,50.658410970190154
1410,5,1410.375,Mars,135.53873196702148
1410,5,1410.375,Jupiter,126.4924945307024
1410,5,1410.375,Saturn,34.89833506219756
1410,6,1410.4583333333333,Mercury,71.00053976664618
1410,6,1410.4583333333333,Venus,88.66235619395286
1410,6,1410.4583333333333,Mars,152.612725888564
1410,6,1410.4583333333333,Jupiter,131.74804249630765
1410,6,1410.4583333333333,Saturn,38.241976506158636
1410,7,1410.5416666666667,Mercury,128.45931009707638
1410,7,1410.5416666666667,Venus,125.59048397545142
1410,7,1410.5416666666667,Mars,170.53498250468027
1410,7,1410.5416666666667,Jupiter,137.83333833084816
1410,7,1410.5416666666667,Saturn,40.4791545410992
1410,8,1410.625,Mercury,176.9232807182529
1410,8,1410.625,Venus,163.89577479020144
1410,8,1410.625,Mars,190.24100304912488
1410,8,1410.625,Jupiter,144.54368090775
1410,8,1410.625,Saturn,41.32812153427338
1410,9,1410.7083333333333,Mercury,179.7522542584442
1410,9,1410.7083333333333,Venus,202.23351673374168
1410,9,1410.7083333333333,Mars,211.05794115330286
1410,9,1410.7083333333333,Jupiter,151.10219414986403
1410,9,1410.7083333333333,Saturn,40.49759740142923
1410,10,1410.7916666666667,Mercury,199.16559177771418
1410,10,1410.7916666666667,Venus,239.24678783538218
1410,10,1410.7916666666667,Mars,232.21548521640327
1410,10,1410.7916666666667,Jupiter,156.6954493441256
1410,10,1410.7916666666667,Saturn,38.43300616333967
1410,11,1410.875,Mercury,248.7592060563951
1410,11,1410.875,Venus,277.2690880828975
1410,11,1410.875,Mars,255.04787178412028
1410,11,1410.875,Jupiter,160.9363088050659
1410,11,1410.875,Saturn,36.01159291839783
1410,12,1410.9583333333333,Mercury,291.63303126651715
1410,12,1410.9583333333333,Venus,313.4935202433475
1410,12,1410.9583333333333,Mars,277.9356914135313
1410,12,1410.9583333333333,Jupiter,162.7410697619162
1410,12,1410.9583333333333,Saturn,34.56119508036729
1411,1,1411.0416666666667,Mercury,279.5677373069052
1411,1,1411.0416666666667,Venus,349.3375964870557
1411,1,1411.0416666666667,Mars,302.15312672995873
1411,1,1411.0416666666667,Jupiter,161.672436159238
1411,1,1411.0416666666667,Saturn,34.714995827915594
1411,2,1411.125,Mercury,317.40975041771827
1411,2,1411.125,Venus,21.09139095404398
1411,2,1411.125,Mars,326.6059599184686
1411,2,1411.125,Jupiter,158.20530874110335
1411,2,1411.125,Saturn,36.56828456244816
1411,3,1411.2083333333333,Mercury,9.367943084293712
1411,3,1411.2083333333333,Venus,40.33440474483303
1411,3,1411.2083333333333,Mars,348.57852587491766
1411,3,1411.2083333333333,Jupiter,154.7890073230919
1411,3,1411.2083333333333,Saturn,39.352079370770994
1411,4,1411.2916666666667,Mercury,47.15239893645058
1411,4,1411.2916666666667,Venus,34.85425040691575
1411,4,1411.2916666666667,Mars,12.457232850781825
1411,4,1411.2916666666667,Jupiter,152.84464046478263
1411,4,1411.2916666666667,Saturn,43.14512518587469
1411,5,1411.375,Mercury,39.89628745886404
1411,5,1411.375,Venus,27.04134139273523
1411,5,1411.375,Mars,34.872878339984624
1411,5,1411.375,Jupiter,153.65931873340114
1411,5,1411.375,Saturn,47.019474001865326
1411,6,1411.4583333333333,Mercury,83.26304970846157
1411,6,1411.4583333333333,Venus,46.456092155308596
1411,6,1411.4583333333333,Mars,57.15128626235786
1411,6,1411.4583333333333,Jupiter,156.98814185939045
1411,6,1411.4583333333333,Saturn,50.7195915211681
1411,7,1411.5416666666667,Mercury,141.79326659117882
1411,7,1411.5416666666667,Venus,75.77545055556168
1411,7,1411.5416666666667,Mars,77.75601513851298
1411,7,1411.5416666666667,Jupiter,161.93167972654047
1411,7,1411.5416666666667,Saturn,53.52593221088384
1411,8,1411.625,Mercury,172.2628120542041
1411,8,1411.625,Venus,110.17822346246855
1411,8,1411.625,Mars,97.95883491497914
1411,8,1411.625,Jupiter,168.12072250302384
1411,8,1411.625,Saturn,55.142992075494114
1411,9,1411.7083333333333,Mercury,162.60936573999052
1411,9,1411.7083333333333,Venus,146.7852471473999
1411,9,1411.7083333333333,Mars,116.85065570209144
1411,9,1411.7083333333333,Jupiter,174.7840288705644
1411,9,1411.7083333333333,Saturn,55.10023780888591
1411,10,1411.7916666666667,Mercury,211.34235215172927
1411,10,1411.7916666666667,Venus,183.50459741531594
1411,10,1411.7916666666667,Mars,133.43859211534354
1411,10,1411.7916666666667,Jupiter,181.11004597356597
1411,10,1411.7916666666667,Saturn,53.529403179228034
1411,11,1411.875,Mercury,258.913548292163
1411,11,1411.875,Venus,222.173264211215
1411,11,1411.875,Mars,147.78786569307155
1411,11,1411.875,Jupiter,186.86316402244307
1411,11,1411.875,Saturn,51.06420590550072
1411,12,1411.9583333333333,Mercury,268.872304711115
1411,12,1411.9583333333333,Venus,259.85509433525743
1411,12,1411.9583333333333,Mars,156.79895503099075
1411,12,1411.9583333333333,Jupiter,190.9286375994095
1411,12,1411.9583333333333,Saturn,49.055114328387546
1412,1,1412.0416666666667,Mercury,281.08167603493433
1412,1,1412.0416666666667,Venus,298.8033144157402
1412,1,1412.0416666666667,Mars,156.88894661879553
1412,1,1412.0416666666667,Jupiter,192.74433120124104
1412,1,1412.0416666666667,Saturn,48.404032472451
1412,2,1412.125,Mercury,330.29871908237567
1412,2,1412.125,Venus,337.6166947719441
1412,2,1412.125,Mars,146.4639327409526
1412,2,1412.125,Jupiter,191.6186086446118
1412,2,1412.125,Saturn,49.52779842877656
1412,3,1412.2083333333333,Mercury,22.49677921831237
1412,3,1412.2083333333333,Venus,13.687026489132144
1412,3,1412.2083333333333,Mars,139.11616026284614
1412,3,1412.2083333333333,Jupiter,188.432322042935
1412,3,1412.2083333333333,Saturn,51.94607332475122
1412,4,1412.2916666666667,Mercury,18.323537828414015
1412,4,1412.2916666666667,Venus,51.883963881039186
1412,4,1412.2916666666667,Mars,142.24020971886807
1412,4,1412.2916666666667,Jupiter,184.716104681852
1412,4,1412.2916666666667,Saturn,55.49498756532896
1412,5,1412.375,Mercury,41.412947856977794
1412,5,1412.375,Venus,88.42630599404104
1412,5,1412.375,Mars,152.77955456741304
1412,5,1412.375,Jupiter,182.89551188447373
1412,5,1412.375,Saturn,59.36142428868425
1412,6,1412.4583333333333,Mercury,103.47508309848523
1412,6,1412.4583333333333,Venus,125.64108377606888
1412,6,1412.4583333333333,Mars,167.92955075070208
1412,6,1412.4583333333333,Jupiter,183.75797848963853
1412,6,1412.4583333333333,Saturn,63.2839875745638
1412,7,1412.5416666666667,Mercury,148.25110814043612
1412,7,1412.5416666666667,Venus,160.85098735214982
1412,7,1412.5416666666667,Mars,185.098623785854
1412,7,1412.5416666666667,Jupiter,186.9888912298212
1412,7,1412.5416666666667,Saturn,66.52586355009574
1412,8,1412.625,Mercury,143.63421140310192
1412,8,1412.625,Venus,195.7562808796864
1412,8,1412.625,Mars,204.6852044636401
1412,8,1412.625,Jupiter,192.12123004706325
1412,8,1412.625,Saturn,68.79850919565706
1412,9,1412.7083333333333,Mercury,174.76862601347884
1412,9,1412.7083333333333,Venus,227.48023596692363
1412,9,1412.7083333333333,Mars,225.78826896208412
1412,9,1412.7083333333333,Jupiter,198.3756472152307
1412,9,1412.7083333333333,Saturn,69.5235144830601
1412,10,1412.7916666666667,Mercury,224.24419223662852
1412,10,1412.7916666666667,Venus,249.8064401265498
1412,10,1412.7916666666667,Mars,247.4352831086662
1412,10,1412.7916666666667,Jupiter,204.88857772436785
1412,10,1412.7916666666667,Saturn,68.58065226646046
1412,11,1412.875,Mercury,261.9583075086809
1412,11,1412.875,Venus,247.57012497590878
1412,11,1412.875,Mars,270.8348167335449
1412,11,1412.875,Jupiter,211.47420167304153
1412,11,1412.875,Saturn,66.3357644740146
1412,12,1412.9583333333333,Mercury,250.08111796041965
1412,12,1412.9583333333333,Venus,238.72266233557696
1412,12,1412.9583333333333,Mars,294.18359999990815
1412,12,1412.9583333333333,Jupiter,217.05420976512403
1412,12,1412.9583333333333,Saturn,63.995723649974245
1413,1,1413.0416666666667,Mercury,292.01752955523193
1413,1,1413.0416666666667,Venus,258.33476255433396
1413,1,1413.0416666666667,Mars,318.6553172357777
1413,1,1413.0416666666667,Jupiter,221.216603518334
1413,1,1413.0416666666667,Saturn,62.637220041073576
1413,2,1413.125,Mercury,347.23427197006885
1413,2,1413.125,Venus,289.68312698160264
1413,2,1413.125,Mars,343.0612892156855
1413,2,1413.125,Jupiter,222.92727730486237
1413,2,1413.125,Saturn,63.008064996095904
1413,3,1413.2083333333333,Mercury,6.985960800317311
1413,3,1413.2083333333333,Venus,321.2555680741341
1413,3,1413.2083333333333,Mars,4.739154166160768
1413,3,1413.2083333333333,Jupiter,221.9569615522932
1413,3,1413.2083333333333,Saturn,64.7847715346169
1413,4,1413.2916666666667,Mercury,7.021384631004282
1413,4,1413.2916666666667,Venus,357.58837129825025
1413,4,1413.2916666666667,Mars,28.088225804713993
1413,4,1413.2916666666667,Jupiter,218.6485638491839
1413,4,1413.2916666666667,Saturn,67.93436877530016
1413,5,1413.375,Mercury,55.35219597433931
1413,5,1413.375,Venus,33.37591328817962
1413,5,1413.375,Mars,49.904708990120334
1413,5,1413.375,Jupiter,215.05348631976693
1413,5,1413.375,Saturn,71.6628192284888
1413,6,1413.4583333333333,Mercury,115.74815952592263
1413,6,1413.4583333333333,Venus,70.76132817225661
1413,6,1413.4583333333333,Mars,71.60637669048539
1413,6,1413.4583333333333,Jupiter,213.12057634822824
1413,6,1413.4583333333333,Saturn,75.69348622584683
1413,7,1413.5416666666667,Mercury,135.9924195666552
1413,7,1413.5416666666667,Venus,107.34153209406637
1413,7,1413.5416666666667,Mars,91.81485882941188
1413,7,1413.5416666666667,Jupiter,213.90321958709674
1413,7,1413.5416666666667,Saturn,79.28145279483682
1413,8,1413.625,Mercury,133.27816559989927
1413,8,1413.625,Venus,145.58400817133816
1413,8,1413.625,Mars,111.90458008363672
1413,8,1413.625,Jupiter,217.2395132254971
1413,8,1413.625,Saturn,82.15493058306893
1413,9,1413.7083333333333,Mercury,188.30919942539103
1413,9,1413.7083333333333,Venus,184.1787636593984
1413,9,1413.7083333333333,Mars,131.15979252045338
1413,9,1413.7083333333333,Jupiter,222.46539646229002
1413,9,1413.7083333333333,Saturn,83.67291126284638
1413,10,1413.7916666666667,Mercury,232.68605709833562
1413,10,1413.7916666666667,Venus,221.6873165090168
1413,10,1413.7916666666667,Mars,148.84140981891912
1413,10,1413.7916666666667,Jupiter,228.6405039914432
1413,10,1413.7916666666667,Saturn,83.5098222323473
1413,11,1413.875,Mercury,233.4634537136469
1413,11,1413.875,Venus,260.46537177133786
1413,11,1413.875,Mars,165.70392049759303
1413,11,1413.875,Jupiter,235.5213524880735
1413,11,1413.875,Saturn,81.75979398099615
1413,12,1413.9583333333333,Mercury,255.3160754749443
1413,12,1413.9583333333333,Venus,297.89897494572256
1413,12,1413.9583333333333,Mars,179.76498409968747
1413,12,1413.9583333333333,Jupiter,242.04708707059433
1413,12,1413.9583333333333,Saturn,79.32961093302717
1414,1,1414.0416666666667,Mercury,304.4220304502519
1414,1,1414.0416666666667,Venus,336.23752768284095
1414,1,1414.0416666666667,Mars,189.9695225152842
1414,1,1414.0416666666667,Jupiter,247.9617391304452
1414,1,1414.0416666666667,Saturn,77.34318697635197
1414,2,1414.125,Mercury,352.32628382643003
1414,2,1414.125,Venus,13.721373333483273
1414,2,1414.125,Mars,191.8654208273171
1414,2,1414.125,Jupiter,252.25154857425048
1414,2,1414.125,Saturn,76.87840212400866
1414,3,1414.2083333333333,Mercury,339.8171605891399
1414,3,1414.2083333333333,Venus,46.13900171752188
1414,3,1414.2083333333333,Mars,184.0054547597167
1414,3,1414.2083333333333,Jupiter,254.05315876682502
1414,3,1414.2083333333333,Saturn,77.97675883520257
1414,4,1414.2916666666667,Mercury,13.036991658484698
1414,4,1414.2916666666667,Venus,78.90175087372221
1414,4,1414.2916666666667,Mars,174.57947678826665
1414,4,1414.2916666666667,Jupiter,253.27636297770917
1414,4,1414.2916666666667,Saturn,80.59081388856116
1414,5,1414.375,Mercury,73.74634601108188
1414,5,1414.375,Venus,103.2280331761697
1414,5,1414.375,Mars,175.96984465388218
1414,5,1414.375,Jupiter,250.1827591410254
1414,5,1414.375,Saturn,84.04716780186023
1414,6,1414.4583333333333,Mercury,115.97667626955985
1414,6,1414.4583333333333,Venus,106.63047229794275
1414,6,1414.4583333333333,Mars,186.46226095142814
1414,6,1414.4583333333333,Jupiter,246.421380530999
1414,6,1414.4583333333333,Saturn,88.04935791159592
1414,7,1414.5416666666667,Mercury,107.38410380802564
1414,7,1414.5416666666667,Venus,92.9132457591852
1414,7,1414.5416666666667,Mars,201.6540105674383
1414,7,1414.5416666666667,Jupiter,244.39674618928674
1414,7,1414.5416666666667,Saturn,91.85237649406018
1414,8,1414.625,Mercury,146.3941950496011
1414,8,1414.625,Venus,106.10688890713661
1414,8,1414.625,Mars,220.50453112201208
1414,8,1414.625,Jupiter,245.08734132721457
1414,8,1414.625,Saturn,95.20008861498793
1414,9,1414.7083333333333,Mercury,199.47554789069642
1414,9,1414.7083333333333,Venus,134.94570894060774
1414,9,1414.7083333333333,Mars,241.5417271639843
1414,9,1414.7083333333333,Jupiter,248.45593223162933
1414,9,1414.7083333333333,Saturn,97.42622462160845
1414,10,1414.7916666666667,Mercury,230.66919292543975
1414,10,1414.7916666666667,Venus,168.32949084095884
1414,10,1414.7916666666667,Mars,263.3978967662947
1414,10,1414.7916666666667,Jupiter,253.6142526875393
1414,10,1414.7916666666667,Saturn,98.06730235203081
1414,11,1414.875,Mercury,221.8041554051949
1414,11,1414.875,Venus,205.3650259294758
1414,11,1414.875,Mars,287.03173917777434
1414,11,1414.875,Jupiter,260.1663422139512
1414,11,1414.875,Saturn,97.00749953526747
1414,12,1414.9583333333333,Mercury,265.68789272664833
1414,12,1414.9583333333333,Venus,242.3071577872292
1414,12,1414.9583333333333,Mars,310.443437404968
1414,12,1414.9583333333333,Jupiter,267.0283870536636
1414,12,1414.9583333333333,Saturn,94.7796159986334
1415,1,1415.0416666666667,Mercury,317.47928062687794
1415,1,1415.0416666666667,Venus,280.87172329315086
1415,1,1415.0416666666667,Mars,334.7102678193695
1415,1,1415.0416666666667,Jupiter,273.9969979485469
1415,1,1415.0416666666667,Saturn,92.39232508735378
1415,2,1415.125,Mercury,325.3417074694342
1415,2,1415.125,Venus,319.4820045317156
1415,2,1415.125,Mars,358.6351283512129
1415,2,1415.125,Jupiter,280.1505705554269
1415,2,1415.125,Saturn,91.14467939176059
1415,3,1415.2083333333333,Mercury,335.8837510912419
1415,3,1415.2083333333333,Venus,354.2600233712181
1415,3,1415.2083333333333,Mars,19.705582434891678
1415,3,1415.2083333333333,Jupiter,284.37815020640704
1415,3,1415.2083333333333,Saturn,91.501228848322
1415,4,1415.2916666666667,Mercury,27.66567345468048
1415,4,1415.2916666666667,Venus,32.58691592006922
1415,4,1415.2916666666667,Mars,42.301308174014416
1415,4,1415.2916666666667,Jupiter,286.85190927721584
1415,4,1415.2916666666667,Saturn,93.45799414992636
1415,5,1415.375,Mercury,84.87421337177085
1415,5,1415.375,Venus,69.50157319253006
1415,5,1415.375,Mars,63.41355253273362
1415,5,1415.375,Jupiter,286.49513455057803
1415,5,1415.375,Saturn,96.51143585237413
1415,6,1415.4583333333333,Mercury,94.24004218498158
1415,6,1415.4583333333333,Venus,107.51394640894208
1415,6,1415.4583333333333,Mars,84.50856331828498
1415,6,1415.4583333333333,Jupiter,283.5352924739892
1415,6,1415.4583333333333,Saturn,100.34858377849233
1415,7,1415.5416666666667,Mercury,102.55476409101006
1415,7,1415.5416666666667,Venus,144.16797087629845
1415,7,1415.5416666666667,Mars,104.3198874764439
1415,7,1415.5416666666667,Jupiter,279.7921938641478
1415,7,1415.5416666666667,Saturn,104.23306546666045
1415,8,1415.625,Mercury,161.44920036583665
1415,8,1415.625,Venus,181.79000754801328
1415,8,1415.625,Mars,124.26606196502719
1415,8,1415.625,Jupiter,277.39754946813116
1415,8,1415.625,Saturn,107.91749888193007
1415,9,1415.7083333333333,Mercury,205.86874246187284
1415,9,1415.7083333333333,Venus,218.94912628633296
1415,9,1415.7083333333333,Mars,143.73996171739736
1415,9,1415.7083333333333,Jupiter,277.8769064223787
1415,9,1415.7083333333333,Saturn,110.73391168154157
1415,10,1415.7916666666667,Mercury,201.00653728665057
1415,10,1415.7916666666667,Venus,254.12268461107604
1415,10,1415.7916666666667,Mars,162.12314064184162
1415,10,1415.7916666666667,Jupiter,281.0455982561188
1415,10,1415.7916666666667,Saturn,112.13423165680457
1415,11,1415.875,Mercury,230.05703504454013
1415,11,1415.875,Venus,288.60873938722943
1415,11,1415.875,Mars,180.5048371794266
1415,11,1415.875,Jupiter,286.423310833106
1415,11,1415.875,Saturn,111.86785947571919
1415,12,1415.9583333333333,Mercury,277.39691308899205
1415,12,1415.9583333333333,Venus,316.8851467874192
1415,12,1415.9583333333333,Mars,197.380584318497
1415,12,1415.9583333333333,Jupiter,292.90342108572696
1415,12,1415.9583333333333,Saturn,110.09856653825992
1416,1,1416.0416666666667,Mercury,319.6442035047162
1416,1,1416.0416666666667,Venus,329.07338771337413
1416,1,1416.0416666666667,Mars,213.1889011371585
1416,1,1416.0416666666667,Jupiter,300.18905635535117
1416,1,1416.0416666666667,Saturn,107.59561059630032
1416,2,1416.125,Mercury,308.01801982955743
1416,2,1416.125,Venus,314.44873496508444
1416,2,1416.125,Mars,225.90080776686418
1416,2,1416.125,Jupiter,307.39843860612206
1416,2,1416.125,Saturn,105.70724661188237
1416,3,1416.2083333333333,Mercury,345.8526855322499
1416,3,1416.2083333333333,Venus,321.3879770538355
1416,3,1416.2083333333333,Mars,232.34700432959428
1416,3,1416.2083333333333,Jupiter,313.48234534091563
1416,3,1416.2083333333333,Saturn,105.32612976039913
1416,4,1416.2916666666667,Mercury,47.396776151635095
1416,4,1416.2916666666667,Venus,347.8655235448208
1416,4,1416.2916666666667,Mars,229.20358330698056
1416,4,1416.2916666666667,Jupiter,318.60478071902
1416,4,1416.2916666666667,Saturn,106.58410644195014
1416,5,1416.375,Mercury,78.3869711805685
1416,5,1416.375,Venus,19.60782578056828
1416,5,1416.375,Mars,219.31405571640855
1416,5,1416.375,Jupiter,321.4845498425581
1416,5,1416.375,Saturn,109.15135820761469
1416,6,1416.4583333333333,Mercury,72.07081378461413
1416,6,1416.4583333333333,Venus,54.815193959560055
1416,6,1416.4583333333333,Mars,217.0994633352661
1416,6,1416.4583333333333,Jupiter,321.64900596471335
1416,6,1416.4583333333333,Saturn,112.71420791669362
1416,7,1416.5416666666667,Mercury,119.36368753676146
1416,7,1416.5416666666667,Venus,90.13254976132632
1416,7,1416.5416666666667,Mars,225.8274074123822
1416,7,1416.5416666666667,Jupiter,319.1017681372728
1416,7,1416.5416666666667,Saturn,116.55580066814237
1416,8,1416.625,Mercury,174.0172654505301
1416,8,1416.625,Venus,127.58994949554693
1416,8,1416.625,Mars,241.70826075060594
1416,8,1416.625,Jupiter,315.1560387547044
1416,8,1416.625,Saturn,120.42806597346366
1416,9,1416.7083333333333,Mercury,197.7455117319225
1416,9,1416.7083333333333,Venus,165.83905180645843
1416,9,1416.7083333333333,Mars,261.4915723434113
1416,9,1416.7083333333333,Jupiter,312.41864207566624
1416,9,1416.7083333333333,Saturn,123.67241218002073
1416,10,1416.7916666666667,Mercury,193.9876271710656
1416,10,1416.7916666666667,Venus,203.34440941812213
1416,10,1416.7916666666667,Mars,282.75536012817315
1416,10,1416.7916666666667,Jupiter,312.53403430079925
1416,10,1416.7916666666667,Saturn,125.69507497638185
1416,11,1416.875,Mercury,242.852568284178
1416,11,1416.875,Venus,242.31503488307328
1416,11,1416.875,Mars,305.87755221059945
1416,11,1416.875,Jupiter,315.61552457213634
1416,11,1416.875,Saturn,126.17910927272641
1416,12,1416.9583333333333,Mercury,289.82947246522014
1416,12,1416.9583333333333,Venus,280.05329064246337
1416,12,1416.9583333333333,Mars,328.65037628943384
1416,12,1416.9583333333333,Jupiter,320.78184633899235
1416,12,1416.9583333333333,Saturn,124.99769024383914
1417,1,1417.0416666666667,Mercury,288.7973122997181
1417,1,1417.0416666666667,Venus,318.94425609918073
1417,1,1417.0416666666667,Mars,352.05208522322044
1417,1,1417.0416666666667,Jupiter,327.5242690838131
1417,1,1417.0416666666667,Saturn,122.6496169368431
1417,2,1417.125,Mercury,312.4300131575984
1417,2,1417.125,Venus,357.53474253569624
1417,2,1417.125,Mars,14.969813269681305
1417,2,1417.125,Jupiter,334.9208345064199
1417,2,1417.125,Saturn,120.36445846676382
1417,3,1417.2083333333333,Mercury,0.3601009620214256
1417,3,1417.2083333333333,Venus,31.901935374961194
1417,3,1417.2083333333333,Mars,35.10290637936782
1417,3,1417.2083333333333,Jupiter,341.6015711815529
1417,3,1417.2083333333333,Saturn,119.32684727136663
1417,4,1417.2916666666667,Mercury,54.278614330167805
1417,4,1417.2916666666667,Venus,69.11313571082948
1417,4,1417.2916666666667,Mars,56.728488468060036
1417,4,1417.2916666666667,Jupiter,348.4179907578374
1417,4,1417.2916666666667,Saturn,119.78740574529147
1417,5,1417.375,Mercury,50.31888484001186
1417,5,1417.375,Venus,103.84467775720626
1417,5,1417.375,Mars,77.041938631914
1417,5,1417.375,Jupiter,353.8287164279201
1417,5,1417.375,Saturn,121.7370505743247
1417,6,1417.4583333333333,Mercury,75.25675766212598
1417,6,1417.4583333333333,Venus,137.34906443039804
1417,6,1417.4583333333333,Mars,97.50683793833701
1417,6,1417.4583333333333,Jupiter,357.4574827284833
1417,6,1417.4583333333333,Saturn,124.89066402668358
1417,7,1417.5416666666667,Mercury,135.51393725894823
1417,7,1417.5416666666667,Venus,164.57596447922208
1417,7,1417.5416666666667,Mars,116.9291870366518
1417,7,1417.5416666666667,Jupiter,358.35289403874503
1417,7,1417.5416666666667,Saturn,128.56947600689486
1417,8,1417.625,Mercury,177.55290603043952
1417,8,1417.625,Venus,177.25065260722832
1417,8,1417.625,Mars,136.7335605010716
1417,8,1417.625,Jupiter,356.29977733452205
1417,8,1417.625,Saturn,132.51670526054264
1417,9,1417.7083333333333,Mercury,167.4007425195969
1417,9,1417.7083333333333,Venus,163.13923926454018
1417,9,1417.7083333333333,Mars,156.37419345203344
1417,9,1417.7083333333333,Jupiter,352.3613414759556
1417,9,1417.7083333333333,Saturn,136.08987339485907
1417,10,1417.7916666666667,Mercury,204.90807893700284
1417,10,1417.7916666666667,Venus,168.4575487968619
1417,10,1417.7916666666667,Mars,175.28368250596216
1417,10,1417.7916666666667,Jupiter,349.2004797421178
1417,10,1417.7916666666667,Saturn,138.6693182831902
1417,11,1417.875,Mercury,253.94248268339533
1417,11,1417.875,Venus,195.22807093533498
1417,11,1417.875,Mars,194.72089160525093
1417,11,1417.875,Jupiter,348.6762632849133
1417,11,1417.875,Saturn,139.91160506059015
1417,12,1417.9583333333333,Mercury,287.217394362237
1417,12,1417.9583333333333,Venus,228.19013236041573
1417,12,1417.9583333333333,Mars,213.35631495004108
1417,12,1417.9583333333333,Jupiter,351.18331577993706
1417,12,1417.9583333333333,Saturn,139.45169204447024
1418,1,1418.0416666666667,Mercury,278.9358743647226
1418,1,1418.0416666666667,Venus,264.83670629835495
1418,1,1418.0416666666667,Mars,232.2539734975651
1418,1,1418.0416666666667,Jupiter,356.20473095564796
1418,1,1418.0416666666667,Saturn,137.50982024335576
1418,2,1418.125,Mercury,323.0865188801948
1418,2,1418.125,Venus,302.42975614397017
1418,2,1418.125,Mars,250.44714377406376
1418,2,1418.125,Jupiter,2.781400355055201
1418,2,1418.125,Saturn,135.05337029514794
1418,3,1418.2083333333333,Mercury,16.726034746289432
1418,3,1418.2083333333333,Venus,336.6536982628279
1418,3,1418.2083333333333,Mars,265.73136226988794
1418,3,1418.2083333333333,Jupiter,9.383521715843369
1418,3,1418.2083333333333,Saturn,133.4479411136729
1418,4,1418.2916666666667,Mercury,35.827005162862704
1418,4,1418.2916666666667,Venus,14.605686593476612
1418,4,1418.2916666666667,Mars,280.12396677311176
1418,4,1418.2916666666667,Jupiter,16.810121485106908
1418,4,1418.2916666666667,Saturn,133.11661154545902
1418,5,1418.375,Mercury,38.05175500048206
1418,5,1418.375,Venus,51.33422710720851
1418,5,1418.375,Mars,288.87740959574205
1418,5,1418.375,Jupiter,23.569063281088777
1418,5,1418.375,Saturn,134.37552929285297
1418,6,1418.4583333333333,Mercury,91.88297819704574
1418,6,1418.4583333333333,Venus,89.34716237588435
1418,6,1418.4583333333333,Mars,288.14715300645736
1418,6,1418.4583333333333,Jupiter,29.504090671348212
1418,6,1418.4583333333333,Saturn,137.0130339952162
1418,7,1418.5416666666667,Mercury,145.90028119777395
1418,7,1418.5416666666667,Venus,126.27513151538489
1418,7,1418.5416666666667,Mars,280.50042196023037
1418,7,1418.5416666666667,Jupiter,33.54981898555311
1418,7,1418.5416666666667,Saturn,140.4157864718866
1418,8,1418.625,Mercury,162.64069690589344
1418,8,1418.625,Venus,164.56974948007746
1418,8,1418.625,Mars,280.44043662199925
1418,8,1418.625,Jupiter,35.178730306256796
1418,8,1418.625,Saturn,144.31465929440287
1418,9,1418.7083333333333,Mercury,166.21818955183784
1418,9,1418.7083333333333,Venus,202.88658714924517
1418,9,1418.7083333333333,Mars,291.48252295902034
1418,9,1418.7083333333333,Jupiter,33.71114385230655
1418,9,1418.7083333333333,Saturn,148.08645519057006
1418,10,1418.7916666666667,Mercury,216.960247017746
1418,10,1418.7916666666667,Venus,239.87045053961904
1418,10,1418.7916666666667,Mars,308.0749509062615
1418,10,1418.7916666666667,Jupiter,30.055363267275826
1418,10,1418.7916666666667,Saturn,151.09849142420222
1418,11,1418.875,Mercury,262.2932431605741
1418,11,1418.875,Venus,277.84694079933655
1418,11,1418.875,Mars,328.012970712164
1418,11,1418.875,Jupiter,26.372858279052718
1418,11,1418.875,Saturn,153.00845675282343
1418,12,1418.9583333333333,Mercury,255.6388510909984
1418,12,1418.9583333333333,Venus,313.99082451629494
1418,12,1418.9583333333333,Mars,348.39753076317123
1418,12,1418.9583333333333,Jupiter,25.198346961421922
1418,12,1418.9583333333333,Saturn,153.28651172137108
1419,1,1419.0416666666667,Mercury,285.09230218767794
1419,1,1419.0416666666667,Venus,349.6543846014101
1419,1,1419.0416666666667,Mars,9.731804056447656
1419,1,1419.0416666666667,Jupiter,27.149436818824167
1419,1,1419.0416666666667,Saturn,151.9279519435476
1419,2,1419.125,Mercury,337.3516090009572
1419,2,1419.125,Venus,20.939033338658458
1419,2,1419.125,Mars,30.90687580621517
1419,2,1419.125,Jupiter,31.7056644229597
1419,2,1419.125,Saturn,149.56677063330338
1419,3,1419.2083333333333,Mercury,20.056852216393533
1419,3,1419.2083333333333,Venus,38.93450115276109
1419,3,1419.2083333333333,Mars,49.73221495166347
1419,3,1419.2083333333333,Jupiter,37.27983962120022
1419,3,1419.2083333333333,Saturn,147.5765386080703
1419,4,1419.2916666666667,Mercury,10.331399970799064
1419,4,1419.2916666666667,Venus,31.19061152014398
1419,4,1419.2916666666667,Mars,70.1951152298295
1419,4,1419.2916666666667,Jupiter,44.306375305734804
1419,4,1419.2916666666667,Saturn,146.5208465135422
1419,5,1419.375,Mercury,45.028448086525735
1419,5,1419.375,Venus,25.58021209416737
1419,5,1419.375,Mars,89.65799253678101
1419,5,1419.375,Jupiter,51.35717118813845
1419,5,1419.375,Saturn,147.0531518110874
1419,6,1419.4583333333333,Mercury,108.59615553190356
1419,6,1419.4583333333333,Venus,46.34152788615723
1419,6,1419.4583333333333,Mars,109.51340354901136
1419,6,1419.4583333333333,Jupiter,58.337312312994904
1419,6,1419.4583333333333,Saturn,149.0886467500157
1419,7,1419.5416666666667,Mercury,145.76363555126247
1419,7,1419.5416666666667,Venus,76.09379867287922
1419,7,1419.5416666666667,Mars,128.59835756218044
1419,7,1419.5416666666667,Jupiter,64.23670944598265
1419,7,1419.5416666666667,Saturn,152.11506806082508
1419,8,1419.625,Mercury,134.62861116000644
1419,8,1419.625,Venus,110.68302247748177
1419,8,1419.625,Mars,148.31471041666018
1419,8,1419.625,Jupiter,68.75022737296602
1419,8,1419.625,Saturn,155.85396245988753
1419,9,1419.7083333333333,Mercury,179.56743066953354
1419,9,1419.7083333333333,Venus,147.38049816668968
1419,9,1419.7083333333333,Mars,168.1470678960573
1419,9,1419.7083333333333,Jupiter,70.82211410362241
1419,9,1419.7083333333333,Saturn,159.7046547694308
1419,10,1419.7916666666667,Mercury,227.4714010791172
1419,10,1419.7916666666667,Venus,184.1438393131669
1419,10,1419.7916666666667,Mars,187.5407578504571
1419,10,1419.7916666666667,Jupiter,69.89416797355715
1419,10,1419.7916666666667,Saturn,163.02783163157434
1419,11,1419.875,Mercury,254.3878954222827
1419,11,1419.875,Venus,222.83349350348323
1419,11,1419.875,Mars,207.84819925660403
1419,11,1419.875,Jupiter,66.36767482961581
1419,11,1419.875,Saturn,165.49435214966718
1419,12,1419.9583333333333,Mercury,250.34350048947027
1419,12,1419.9583333333333,Venus,260.524449084415
1419,12,1419.9583333333333,Mars,227.77982375061802
1419,12,1419.9583333333333,Jupiter,62.57868258408712
1419,12,1419.9583333333333,Saturn,166.4683792968145
1420,1,1420.0416666666667,Mercury,295.99906794694743
1420,1,1420.0416666666667,Venus,299.47743675655533
1420,1,1420.0416666666667,Mars,248.6517745224317
1420,1,1420.0416666666667,Jupiter,60.81863030679245
1420,1,1420.0416666666667,Saturn,165.78725959017797
1420,2,1420.125,Mercury,351.14939632189146
1420,2,1420.125,Venus,338.2915181467632
1420,2,1420.125,Mars,269.75415306936173
1420,2,1420.125,Jupiter,62.20747170879906
1420,2,1420.125,Saturn,163.75016421259974
1420,3,1420.2083333333333,Mercury,353.04375439568605
1420,3,1420.2083333333333,Venus,14.35697062382022
1420,3,1420.2083333333333,Mars,289.60420167096163
1420,3,1420.2083333333333,Jupiter,65.92928819993666
1420,3,1420.2083333333333,Saturn,161.5181344248042
1420,4,1420.2916666666667,Mercury,8.68441353878848
1420,4,1420.2916666666667,Venus,52.540660055689415
1420,4,1420.2916666666667,Mars,310.6991807445826
1420,4,1420.2916666666667,Jupiter,71.64098648832137
1420,4,1420.2916666666667,Saturn,159.90708739990916
1420,5,1420.375,Mercury,64.072995891976
1420,5,1420.375,Venus,89.05778553736252
1420,5,1420.375,Mars,330.47657380833147
1420,5,1420.375,Jupiter,78.12415592082235
1420,5,1420.375,Saturn,159.77307669337836
1420,6,1420.4583333333333,Mercury,118.26415451773734
1420,6,1420.4583333333333,Venus,126.2229774925597
1420,6,1420.4583333333333,Mars,349.1045543719091
1420,6,1420.4583333333333,Jupiter,85.17414110791835
1420,6,1420.4583333333333,Saturn,161.19486542087745
1420,7,1420.5416666666667,Mercury,123.29559283475623
1420,7,1420.5416666666667,Venus,161.34194474342152
1420,7,1420.5416666666667,Mars,3.0971713378808183
1420,7,1420.5416666666667,Jupiter,91.80230316139121
1420,7,1420.5416666666667,Saturn,163.79281306342702
1420,8,1420.625,Mercury,138.31887805713615
1420,8,1420.625,Venus,196.05995670629562
1420,8,1420.625,Mars,8.842670231851603
1420,8,1420.625,Jupiter,97.8664762350861
1420,8,1420.625,Saturn,167.2903617936434
1420,9,1420.7083333333333,Mercury,194.02925231208968
1420,9,1420.7083333333333,Venus,227.34072441646634
1420,9,1420.7083333333333,Mars,2.5391480862465325
1420,9,1420.7083333333333,Jupiter,102.41584799356852
1420,9,1420.7083333333333,Saturn,171.11317846246905
1420,10,1420.7916666666667,Mercury,234.48908096047143
1420,10,1420.7916666666667,Venus,248.40202891105156
1420,10,1420.7916666666667,Mars,356.6558391860098
1420,10,1420.7916666666667,Jupiter,104.56865613801543
1420,10,1420.7916666666667,Saturn,174.6195622193123
1420,11,1420.875,Mercury,223.88452753137227
1420,11,1420.875,Venus,243.59169314664018
1420,11,1420.875,Mars,1.7554103635413165
1420,11,1420.875,Jupiter,103.80547592964108
1420,11,1420.875,Saturn,177.49417163039385
1420,12,1420.9583333333333,Mercury,260.0036184543952
1420,12,1420.9583333333333,Venus,236.9330229354997
1420,12,1420.9583333333333,Mars,14.139219229239657
1420,12,1420.9583333333333,Jupiter,100.52729917992593
1420,12,1420.9583333333333,Saturn,179.0413063014379
1421,1,1421.0416666666667,Mercury,310.7655048530115
1421,1,1421.0416666666667,Venus,258.10894435321774
1421,1,1421.0416666666667,Mars,30.532592442875725
1421,1,1421.0416666666667,Jupiter,96.58940046636414
1421,1,1421.0416666666667,Saturn,179.00700711296028
1421,2,1421.125,Mercury,344.19765290585843
1421,2,1421.125,Venus,289.9531187384733
1421,2,1421.125,Mars,48.54293381621628
1421,2,1421.125,Jupiter,94.63942894145853
1421,2,1421.125,Saturn,177.42043127506747
1421,3,1421.2083333333333,Mercury,336.14235223862727
1421,3,1421.2083333333333,Venus,321.70903822578197
1421,3,1421.2083333333333,Mars,65.41329949502007
1421,3,1421.2083333333333,Jupiter,95.4860174831265
1421,3,1421.2083333333333,Saturn,175.29230925771324
1421,4,1421.2916666666667,Mercury,19.117082987181345
1421,4,1421.2916666666667,Venus,358.1430657826776
1421,4,1421.2916666666667,Mars,84.37189952547554
1421,4,1421.2916666666667,Jupiter,98.96289282292354
1421,4,1421.2916666666667,Saturn,173.24890678487085
1421,5,1421.375,Mercury,80.58997846730644
1421,5,1421.375,Venus,33.984900981732196
1421,5,1421.375,Mars,102.85537151899759
1421,5,1421.375,Jupiter,104.10117579812575
1421,5,1421.375,Saturn,172.4501874100706
1421,6,1421.4583333333333,Mercury,109.80860976443512
1421,6,1421.4583333333333,Venus,71.40542706940838
1421,6,1421.4583333333333,Mars,122.07906880625193
1421,6,1421.4583333333333,Jupiter,110.47824788493062
1421,6,1421.4583333333333,Saturn,173.1840976547115
1421,7,1421.5416666666667,Mercury,101.97962234983767
1421,7,1421.5416666666667,Venus,108.0081059510157
1421,7,1421.5416666666667,Mars,140.8594848205683
1421,7,1421.5416666666667,Jupiter,117.08151924994648
1421,7,1421.5416666666667,Saturn,175.2566688404275
1421,8,1421.625,Mercury,153.80103768873136
1421,8,1421.625,Venus,146.26260805593702
1421,8,1421.625,Mars,160.54399096794558
1421,8,1421.625,Jupiter,123.78993139332277
1421,8,1421.625,Saturn,178.4124446493084
1421,9,1421.7083333333333,Mercury,203.54216722734384
1421,9,1421.7083333333333,Venus,184.85671545743375
1421,9,1421.7083333333333,Mars,180.61871312734488
1421,9,1421.7083333333333,Jupiter,129.7750506294847
1421,9,1421.7083333333333,Saturn,182.1147941696874
1421,10,1421.7916666666667,Mercury,220.71945864277902
1421,10,1421.7916666666667,Venus,222.35509488387555
1421,10,1421.7916666666667,Mars,200.50986773463384
1421,10,1421.7916666666667,Jupiter,134.18128790283166
1421,10,1421.7916666666667,Saturn,185.72379190202298
1421,11,1421.875,Mercury,225.00318978762473
1421,11,1421.875,Venus,261.1174033594572
1421,11,1421.875,Mars,221.61280102827783
1421,11,1421.875,Jupiter,136.45875476741733
1421,11,1421.875,Saturn,188.9372809976947
1421,12,1421.9583333333333,Mercury,271.1714775977176
1421,12,1421.9583333333333,Venus,298.5309124872387
1421,12,1421.9583333333333,Mars,242.59888701423986
1421,12,1421.9583333333333,Jupiter,135.82226946111234
1421,12,1421.9583333333333,Saturn,191.02084496545044
1422,1,1422.0416666666667,Mercury,321.8352503729803
1422,1,1422.0416666666667,Venus,336.8342848392323
1422,1,1422.0416666666667,Mars,264.8597614139159
1422,1,1422.0416666666667,Jupiter,132.56208778537467
1422,1,1422.0416666666667,Saturn,191.66470712237836
1422,2,1422.125,Mercury,314.28198333737913
1422,2,1422.125,Venus,14.247453110819594
1422,2,1422.125,Mars,287.6440043132439
1422,2,1422.125,Jupiter,128.66346349071534
1422,2,1422.125,Saturn,190.6635233429507
1422,3,1422.2083333333333,Mercury,338.99855045347374
1422,3,1422.2083333333333,Venus,46.53458022210081
1422,3,1422.2083333333333,Mars,308.55672620866187
1422,3,1422.2083333333333,Jupiter,126.68423024449692
1422,3,1422.2083333333333,Saturn,188.7484213428499
1422,4,1422.2916666666667,Mercury,36.14108779889819
1422,4,1422.2916666666667,Venus,78.96296814546503
1422,4,1422.2916666666667,Mars,331.8461455172975
1422,4,1422.2916666666667,Jupiter,127.2521778155853
1422,4,1422.2916666666667,Saturn,186.47083882822108
1422,5,1422.375,Mercury,85.33959609086293
1422,5,1422.375,Venus,102.36557414394355
1422,5,1422.375,Mars,354.15047089542907
1422,5,1422.375,Jupiter,130.32087948991523
1422,5,1422.375,Saturn,185.10397792289584
1422,6,1422.4583333333333,Mercury,81.71180585501874
1422,6,1422.4583333333333,Venus,103.3522259924537
1422,6,1422.4583333333333,Mars,16.38703362841862
1422,6,1422.4583333333333,Jupiter,135.34974066542645
1422,6,1422.4583333333333,Saturn,185.15214678319697
1422,7,1422.5416666666667,Mercury,108.30014904459952
1422,7,1422.5416666666667,Venus,90.74229501478979
1422,7,1422.5416666666667,Mars,36.341376075182076
1422,7,1422.5416666666667,Jupiter,141.31309089959552
1422,7,1422.5416666666667,Saturn,186.64816586335652
1422,8,1422.625,Mercury,167.37219943791573
1422,8,1422.625,Venus,105.75592058431747
1422,8,1422.625,Mars,54.04776108225441
1422,8,1422.625,Jupiter,147.98614481245315
1422,8,1422.625,Saturn,189.3865671049583
1422,9,1422.7083333333333,Mercury,205.69593143373402
1422,9,1422.7083333333333,Venus,135.1908143003649
1422,9,1422.7083333333333,Mars,66.28954476400537
1422,9,1422.7083333333333,Jupiter,154.59556332991284
1422,9,1422.7083333333333,Saturn,192.8822975967407
1422,10,1422.7916666666667,Mercury,192.86675206079477
1422,10,1422.7916666666667,Venus,168.79697964093586
1422,10,1422.7916666666667,Mars,68.50935765913502
1422,10,1422.7916666666667,Jupiter,160.33133046167026
1422,10,1422.7916666666667,Saturn,196.50215464338254
1422,11,1422.875,Mercury,235.32121882859036
1422,11,1422.875,Venus,205.934622144018
1422,11,1422.875,Mars,59.02097588964513
1422,11,1422.875,Jupiter,164.83259587510852
1422,11,1422.875,Saturn,199.95234190854248
1422,12,1422.9583333333333,Mercury,282.97137169667
1422,12,1422.9583333333333,Venus,242.92216422150156
1422,12,1422.9583333333333,Mars,52.054028922139686
1422,12,1422.9583333333333,Jupiter,166.99920181932004
1422,12,1422.9583333333333,Saturn,202.4786015397964
1423,1,1423.0416666666667,Mercury,308.9949205497492
1423,1,1423.0416666666667,Venus,281.5102936534353
1423,1,1423.0416666666667,Mars,56.33477252435997
1423,1,1423.0416666666667,Jupiter,166.34055447442617
1423,1,1423.0416666666667,Saturn,203.74624174960152
1423,2,1423.125,Mercury,308.32540255715685
1423,2,1423.125,Venus,320.1350740225202
1423,2,1423.125,Mars,68.01927015911612
1423,2,1423.125,Jupiter,163.11083412388888
1423,2,1423.125,Saturn,203.37702574338522
1423,3,1423.2083333333333,Mercury,350.2890344233635
1423,3,1423.2083333333333,Venus,354.9221593197822
1423,3,1423.2083333333333,Mars,81.66022782111843
1423,3,1423.2083333333333,Jupiter,159.60555117509747
1423,3,1423.2083333333333,Saturn,201.82068463580632
1423,4,1423.2916666666667,Mercury,51.534815480875146
1423,4,1423.2916666666667,Venus,33.254483115885655
1423,4,1423.2916666666667,Mars,98.47553809681064
1423,4,1423.2916666666667,Jupiter,157.30699623069918
1423,4,1423.2916666666667,Saturn,199.5108241078915
1423,5,1423.375,Mercury,67.710158803378
1423,5,1423.375,Venus,70.16783031894063
1423,5,1423.375,Mars,115.72168884419993
1423,5,1423.375,Jupiter,157.7321974388525
1423,5,1423.375,Saturn,197.7093718658985
1423,6,1423.4583333333333,Mercury,70.24658685243647
1423,6,1423.4583333333333,Venus,108.16976012979329
1423,6,1423.4583333333333,Mars,134.2238588832029
1423,6,1423.4583333333333,Jupiter,160.73979931001918
1423,6,1423.4583333333333,Saturn,197.1103997738932
1423,7,1423.5416666666667,Mercury,125.42268325286298
1423,7,1423.5416666666667,Venus,144.80123144461157
1423,7,1423.5416666666667,Mars,152.69579648967462
1423,7,1423.5416666666667,Jupiter,165.47652774431089
1423,7,1423.5416666666667,Saturn,197.99970973675568
1423,8,1423.625,Mercury,176.02577402661325
1423,8,1423.625,Venus,182.3823994602585
1423,8,1423.625,Mars,172.38282408201687
1423,8,1423.625,Jupiter,171.5503360979916
1423,8,1423.625,Saturn,200.25673245295343
1423,9,1423.7083333333333,Mercury,185.6207481820031
1423,9,1423.7083333333333,Venus,219.47308766661504
1423,9,1423.7083333333333,Mars,192.74020396628396
1423,9,1423.7083333333333,Jupiter,178.18806058551365
1423,9,1423.7083333333333,Saturn,203.46834555740577
1423,10,1423.7916666666667,Mercury,197.04586122617604
1423,10,1423.7916666666667,Venus,254.52663156474497
1423,10,1423.7916666666667,Mars,213.1425439425757
1423,10,1423.7916666666667,Jupiter,184.57394284561866
1423,10,1423.7916666666667,Saturn,207.01641775733611
1423,11,1423.875,Mercury,246.6848749313172
1423,11,1423.875,Venus,288.74086038518743
1423,11,1423.875,Mars,234.98950585861047
1423,11,1423.875,Jupiter,190.4859976989654
1423,11,1423.875,Saturn,210.610474508373
1423,12,1423.9583333333333,Mercury,291.4202085988194
1423,12,1423.9583333333333,Venus,316.29178176896363
1423,12,1423.9583333333333,Mars,256.86186989783715
1423,12,1423.9583333333333,Jupiter,194.81418222234495
1423,12,1423.9583333333333,Saturn,213.4886383784193
1424,1,1424.0416666666667,Mercury,281.0042562738259
1424,1,1424.0416666666667,Venus,326.1959540487664
1424,1,1424.0416666666667,Mars,280.1366017049278
1424,1,1424.0416666666667,Jupiter,197.0108125132047
1424,1,1424.0416666666667,Saturn,215.3099957892112
1424,2,1424.125,Mercury,315.41132332786873
1424,2,1424.125,Venus,311.4715230900305
1424,2,1424.125,Mars,303.9268825524926
1424,2,1424.125,Jupiter,196.29451555677346
1424,2,1424.125,Saturn,215.57613166710925
1424,3,1424.2083333333333,Mercury,8.29153744803855
1424,3,1424.2083333333333,Venus,320.6577564985272
1424,3,1424.2083333333333,Mars,326.4174616343651
1424,3,1424.2083333333333,Jupiter,193.33267440379603
1424,3,1424.2083333333333,Saturn,214.41991144500352
1424,4,1424.2916666666667,Mercury,50.178134670103304
1424,4,1424.2916666666667,Venus,347.96495476128575
1424,4,1424.2916666666667,Mars,350.3866829619208
1424,4,1424.2916666666667,Jupiter,189.5208598093643
1424,4,1424.2916666666667,Saturn,212.24599123792848
1424,5,1424.375,Mercury,42.12470276236888
1424,5,1424.375,Venus,19.996760383949454
1424,5,1424.375,Mars,13.155514541533885
1424,5,1424.375,Jupiter,187.35868372337083
1424,5,1424.375,Saturn,210.1845092410953
1424,6,1424.4583333333333,Mercury,82.16611464444713
1424,6,1424.4583333333333,Venus,55.34083591098033
1424,6,1424.4583333333333,Mars,35.85587418066571
1424,6,1424.4583333333333,Jupiter,187.82651324775028
1424,6,1424.4583333333333,Saturn,209.05382003458402
1424,7,1424.5416666666667,Mercury,141.39537820728648
1424,7,1424.5416666666667,Venus,90.72999216395259
1424,7,1424.5416666666667,Mars,56.642310045174526
1424,7,1424.5416666666667,Jupiter,190.75493297662757
1424,7,1424.5416666666667,Saturn,209.37741729595533
1424,8,1424.625,Mercury,174.68105099514003
1424,8,1424.625,Venus,128.23098297462752
1424,8,1424.625,Mars,76.40250412334507
1424,8,1424.625,Jupiter,195.6831666135653
1424,8,1424.625,Saturn,211.14529309169933
1424,9,1424.7083333333333,Mercury,163.33962607038418
1424,9,1424.7083333333333,Venus,166.50350105838118
1424,9,1424.7083333333333,Mars,93.55707421161075
1424,9,1424.7083333333333,Jupiter,201.83531272471367
1424,9,1424.7083333333333,Saturn,214.0332327255067
1424,10,1424.7916666666667,Mercury,210.72407363496006
1424,10,1424.7916666666667,Venus,204.0178223222046
1424,10,1424.7916666666667,Mars,105.99450309754089
1424,10,1424.7916666666667,Jupiter,208.33711543112113
1424,10,1424.7916666666667,Saturn,217.44792205939393
1424,11,1424.875,Mercury,258.68614459977965
1424,11,1424.875,Venus,242.9890260752929
1424,11,1424.875,Mars,110.92325408118467
1424,11,1424.875,Jupiter,215.00170276809698
1424,11,1424.875,Saturn,221.09824815381998
1424,12,1424.9583333333333,Mercury,273.85057055181363
1424,12,1424.9583333333333,Venus,280.7233624829924
1424,12,1424.9583333333333,Mars,104.15076179776182
1424,12,1424.9583333333333,Jupiter,220.75499344482543
1424,12,1424.9583333333333,Saturn,224.2220395267575
1425,1,1425.0416666666667,Mercury,281.1015545830784
1425,1,1425.0416666666667,Venus,319.6053589007307
1425,1,1425.0416666666667,Mars,93.48507560221856
1425,1,1425.0416666666667,Jupiter,225.2109937572129
1425,1,1425.0416666666667,Saturn,226.48114626507243
1425,2,1425.125,Mercury,329.4665376663727
1425,2,1425.125,Venus,358.17789329243635
1425,2,1425.125,Mars,93.26554375838185
1425,2,1425.125,Jupiter,227.32448785167895
1425,2,1425.125,Saturn,227.30441072663484
1425,3,1425.2083333333333,Mercury,21.65706960413978
1425,3,1425.2083333333333,Venus,32.515194959173556
1425,3,1425.2083333333333,Mars,101.10477027269341
1425,3,1425.2083333333333,Jupiter,226.73882587402187
1425,3,1425.2083333333333,Saturn,226.67854816553572
1425,4,1425.2916666666667,Mercury,22.588267589608222
1425,4,1425.2916666666667,Venus,69.66517633360561
1425,4,1425.2916666666667,Mars,114.50003295442771
1425,4,1425.2916666666667,Jupiter,223.68507480967585
1425,4,1425.2916666666667,Saturn,224.80009195158289
1425,5,1425.375,Mercury,39.88083078052888
1425,5,1425.375,Venus,104.2805660630114
1425,5,1425.375,Mars,129.9873497251541
1425,5,1425.375,Jupiter,220.00028515030138
1425,5,1425.375,Saturn,222.6137938568538
1425,6,1425.4583333333333,Mercury,100.3795152453556
1425,6,1425.4583333333333,Venus,137.5211539745123
1425,6,1425.4583333333333,Mars,147.56030118764087
1425,6,1425.4583333333333,Jupiter,217.70743893021802
1425,6,1425.4583333333333,Saturn,221.00271916791453
1425,7,1425.5416666666667,Mercury,148.0609343262163
1425,7,1425.5416666666667,Venus,164.07675752894244
1425,7,1425.5416666666667,Mars,165.67708282101975
1425,7,1425.5416666666667,Jupiter,218.096018834317
1425,7,1425.5416666666667,Saturn,220.72874678191616
1425,8,1425.625,Mercury,148.7391436512853
1425,8,1425.625,Venus,174.68444343293538
1425,8,1425.625,Mars,185.3939522028412
1425,8,1425.625,Jupiter,221.11046355532747
1425,8,1425.625,Saturn,221.93244042899533
1425,9,1425.7083333333333,Mercury,172.2012551717874
1425,9,1425.7083333333333,Venus,160.04566227012452
1425,9,1425.7083333333333,Mars,206.08899845908613
1425,9,1425.7083333333333,Jupiter,226.130585326174
1425,9,1425.7083333333333,Saturn,224.41302486290698
1425,10,1425.7916666666667,Mercury,222.2763506492625
1425,10,1425.7916666666667,Venus,167.69722947081718
1425,10,1425.7916666666667,Mars,227.04364955683613
1425,10,1425.7916666666667,Jupiter,232.20863754214284
1425,10,1425.7916666666667,Saturn,227.62044066617466
1425,11,1425.875,Mercury,262.9915546703443
1425,11,1425.875,Venus,195.33290178200403
1425,11,1425.875,Mars,249.62105230819105
1425,11,1425.875,Jupiter,239.08434451761352
1425,11,1425.875,Saturn,231.2629174001166
1425,12,1425.9583333333333,Mercury,250.42756127221548
1425,12,1425.9583333333333,Venus,228.58951920684203
1425,12,1425.9583333333333,Mars,272.26308567124426
1425,12,1425.9583333333333,Jupiter,245.69584413603883
1425,12,1425.9583333333333,Saturn,234.58355372635125
1426,1,1426.0416666666667,Mercury,289.9521232632482
1426,1,1426.0416666666667,Venus,265.3665310104375
1426,1,1426.0416666666667,Mars,296.2791026089455
1426,1,1426.0416666666667,Jupiter,251.80212973177862
1426,1,1426.0416666666667,Saturn,237.25008031943605
1426,2,1426.125,Mercury,344.5455572292166
1426,2,1426.125,Venus,303.02363820193
1426,2,1426.125,Mars,320.6271474660879
1426,2,1426.125,Jupiter,256.4026532758547
1426,2,1426.125,Saturn,238.63981004282445
1426,3,1426.2083333333333,Mercury,11.827345531231144
1426,3,1426.2083333333333,Venus,337.2802327010046
1426,3,1426.2083333333333,Mars,342.6057629861624
1426,3,1426.2083333333333,Jupiter,258.58426840908834
1426,3,1426.2083333333333,Saturn,238.55205340304468
1426,4,1426.2916666666667,Mercury,7.130373229271268
1426,4,1426.2916666666667,Venus,15.25474530412002
1426,4,1426.2916666666667,Mars,6.591377080258
1426,4,1426.2916666666667,Jupiter,258.2614544546015
1426,4,1426.2916666666667,Saturn,237.0918397500613
1426,5,1426.375,Mercury,52.13692910849172
1426,5,1426.375,Venus,51.99754531232654
1426,5,1426.375,Mars,29.17282139594655
1426,5,1426.375,Jupiter,255.44843110476063
1426,5,1426.375,Saturn,234.94530117665417
1426,6,1426.4583333333333,Mercury,114.09597318385906
1426,6,1426.4583333333333,Venus,90.01978126911784
1426,6,1426.4583333333333,Mars,51.628885398056255
1426,6,1426.4583333333333,Jupiter,251.61456203086405
1426,6,1426.4583333333333,Saturn,232.98007706226258
1426,7,1426.5416666666667,Mercury,139.71617084229513
1426,7,1426.5416666666667,Venus,126.94935492308473
1426,7,1426.5416666666667,Mars,72.34920274429086
1426,7,1426.5416666666667,Jupiter,249.22952156180818
1426,7,1426.5416666666667,Saturn,232.1486329326122
1426,8,1426.625,Mercury,132.38675309831788
1426,8,1426.625,Venus,165.23463932577184
1426,8,1426.625,Mars,92.53590819413412
1426,8,1426.625,Jupiter,249.48370441703182
1426,8,1426.625,Saturn,232.76531154854118
1426,9,1426.7083333333333,Mercury,185.93546088994628
1426,9,1426.7083333333333,Venus,203.5305034683099
1426,9,1426.7083333333333,Mars,111.16167777436786
1426,9,1426.7083333333333,Jupiter,252.50416443023713
1426,9,1426.7083333333333,Saturn,234.78412836116485
1426,10,1426.7916666666667,Mercury,231.4448684557486
1426,10,1426.7916666666667,Venus,240.4843130920984
1426,10,1426.7916666666667,Mars,127.0568384674321
1426,10,1426.7916666666667,Jupiter,257.44466179633287
1426,10,1426.7916666666667,Saturn,237.72036586252264
1426,11,1426.875,Mercury,239.41459962386358
1426,11,1426.875,Venus,278.414542235147
1426,11,1426.875,Mars,139.80064150593756
1426,11,1426.875,Jupiter,263.8853168686694
1426,11,1426.875,Saturn,241.28371595645214
1426,12,1426.9583333333333,Mercury,253.67666175036535
1426,12,1426.9583333333333,Venus,314.47612362733844
1426,12,1426.9583333333333,Mars,145.56567441041346
1426,12,1426.9583333333333,Jupiter,270.7375343938744
1426,12,1426.9583333333333,Saturn,244.72903464580344
1427,1,1427.0416666666667,Mercury,301.9867485157599
1427,1,1427.0416666666667,Venus,349.94982170627566
1427,1,1427.0416666666667,Mars,140.4267574394658
1427,1,1427.0416666666667,Jupiter,277.7939189189258
1427,1,1427.0416666666667,Saturn,247.73009913508383
1427,2,1427.125,Mercury,353.20412174664864
1427,2,1427.125,Venus,20.727151043317097
1427,2,1427.125,Mars,129.09162058521537
1427,2,1427.125,Jupiter,284.1430125325829
1427,2,1427.125,Saturn,249.63358597977393
1427,3,1427.2083333333333,Mercury,342.5696094859987
1427,3,1427.2083333333333,Venus,37.35888412648414
1427,3,1427.2083333333333,Mars,126.36192190918653
1427,3,1427.2083333333333,Jupiter,288.6526747512318
1427,3,1427.2083333333333,Saturn,250.08483924154592
1427,4,1427.2916666666667,Mercury,11.0563712144469
1427,4,1427.2916666666667,Venus,27.553335297968818
1427,4,1427.2916666666667,Mars,133.18919113486717
1427,4,1427.2916666666667,Jupiter,291.55771221438783
1427,4,1427.2916666666667,Saturn,249.1301562669388
1427,5,1427.375,Mercury,70.56764846074202
1427,5,1427.375,Venus,24.278523382493457
1427,5,1427.375,Mars,145.53114693471593
1427,5,1427.375,Jupiter,291.6756588131048
1427,5,1427.375,Saturn,247.17474223690527
1427,6,1427.4583333333333,Mercury,116.99890564310581
1427,6,1427.4583333333333,Venus,46.270468095646166
1427,6,1427.4583333333333,Mars,161.53624204988836
1427,6,1427.4583333333333,Jupiter,289.06586525681325
1427,6,1427.4583333333333,Saturn,244.99895905391045
1427,7,1427.5416666666667,Mercury,111.16352748418491
1427,7,1427.5416666666667,Venus,76.42367307834434
1427,7,1427.5416666666667,Mars,179.02876840989111
1427,7,1427.5416666666667,Jupiter,285.29841403300645
1427,7,1427.5416666666667,Saturn,243.67525078922102
1427,8,1427.625,Mercury,143.44636120966288
1427,8,1427.625,Venus,111.19062672616275
1427,8,1427.625,Mars,198.6597206113644
1427,8,1427.625,Jupiter,282.52550164278676
1427,8,1427.625,Saturn,243.69843845256935
1427,9,1427.7083333333333,Mercury,197.63950999407214
1427,9,1427.7083333333333,Venus,147.97757485120218
1427,9,1427.7083333333333,Mars,219.6378065676614
1427,9,1427.7083333333333,Jupiter,282.525750270515
1427,9,1427.7083333333333,Saturn,245.20821690365563
1427,10,1427.7916666666667,Mercury,232.46118459708532
1427,10,1427.7916666666667,Venus,184.7856857446654
1427,10,1427.7916666666667,Mars,241.08421527519775
1427,10,1427.7916666666667,Jupiter,285.3139278190791
1427,10,1427.7916666666667,Saturn,247.81286996726533
1427,11,1427.875,Mercury,221.2793231303206
1427,11,1427.875,Venus,223.49615531810076
1427,11,1427.875,Mars,264.266770821967
1427,11,1427.875,Jupiter,290.43233949499773
1427,11,1427.875,Saturn,251.22955850024098
1427,12,1427.9583333333333,Mercury,263.6027890767228
1427,12,1427.9583333333333,Venus,261.1953033654513
1427,12,1427.9583333333333,Mars,287.45957846237764
1427,12,1427.9583333333333,Jupiter,296.78142742549306
1427,12,1427.9583333333333,Saturn,254.73100025695837
1428,1,1428.0416666666667,Mercury,315.2073720703619
1428,1,1428.0416666666667,Venus,300.1529157585627
1428,1,1428.0416666666667,Mars,311.87673955760357
1428,1,1428.0416666666667,Jupiter,304.0390518585354
1428,1,1428.0416666666667,Saturn,257.9955647857242
1428,2,1428.125,Mercury,330.943326239531
1428,2,1428.125,Venus,338.9688372321586
1428,2,1428.125,Mars,336.35733686146835
1428,2,1428.125,Jupiter,311.32189453288703
1428,2,1428.125,Saturn,260.3537797883887
1428,3,1428.2083333333333,Mercury,336.30282382323014
1428,3,1428.2083333333333,Venus,15.030232625271916
1428,3,1428.2083333333333,Mars,358.9730237943477
1428,3,1428.2083333333333,Jupiter,317.57164276192043
1428,3,1428.2083333333333,Saturn,261.33723545409845
1428,4,1428.2916666666667,Mercury,26.541466560243933
1428,4,1428.2916666666667,Venus,53.19945286959926
1428,4,1428.2916666666667,Mars,22.554547509988577
1428,4,1428.2916666666667,Jupiter,322.9908183798096
1428,4,1428.2916666666667,Saturn,260.8930448497795
1428,5,1428.375,Mercury,85.11671787375747
1428,5,1428.375,Venus,89.68814398828114
1428,5,1428.375,Mars,44.614818385888405
1428,5,1428.375,Jupiter,326.28490491781537
1428,5,1428.375,Saturn,259.2283809456689
1428,6,1428.4583333333333,Mercury,98.65628439094999
1428,6,1428.4583333333333,Venus,126.79938372413753
1428,6,1428.4583333333333,Mars,66.54194421316974
1428,6,1428.4583333333333,Jupiter,326.96313074649163
1428,6,1428.4583333333333,Saturn,256.9952700683979
1428,7,1428.5416666666667,Mercury,102.57268678650438
1428,7,1428.5416666666667,Venus,161.82220362105718
1428,7,1428.5416666666667,Mars,86.90242279016569
1428,7,1428.5416666666667,Jupiter,324.81933109191937
1428,7,1428.5416666666667,Saturn,255.3006097066135
1428,8,1428.625,Mercury,160.68922432900752
1428,8,1428.625,Venus,196.34235472235278
1428,8,1428.625,Mars,107.03904461027572
1428,8,1428.625,Jupiter,320.9196835029042
1428,8,1428.625,Saturn,254.7924255594554
1428,9,1428.7083333333333,Mercury,206.32180389717746
1428,9,1428.7083333333333,Venus,227.14596428712932
1428,9,1428.7083333333333,Mars,126.1727934887053
1428,9,1428.7083333333333,Jupiter,317.8123996822703
1428,9,1428.7083333333333,Saturn,255.80215756351132
1428,10,1428.7916666666667,Mercury,205.3580982041686
1428,10,1428.7916666666667,Venus,246.8220696308744
1428,10,1428.7916666666667,Mars,143.48625850506153
1428,10,1428.7916666666667,Jupiter,317.4255339906205
1428,10,1428.7916666666667,Saturn,258.05266198305765
1428,11,1428.875,Mercury,229.62742056744412
1428,11,1428.875,Venus,239.6062090784143
1428,11,1428.875,Mars,159.5201041389193
1428,11,1428.875,Jupiter,320.06400636866016
1428,11,1428.875,Saturn,261.27759607722754
1428,12,1428.9583333333333,Mercury,276.81314639431787
1428,12,1428.9583333333333,Venus,235.3561599522935
1428,12,1428.9583333333333,Mars,171.9531467359056
1428,12,1428.9583333333333,Jupiter,324.93868575896437
1428,12,1428.9583333333333,Saturn,264.77262259432086
1429,1,1429.0416666666667,Mercury,321.75971779304274
1429,1,1429.0416666666667,Venus,257.95447058897867
1429,1,1429.0416666666667,Mars,178.78001668705627
1429,1,1429.0416666666667,Jupiter,331.5121025760591
1429,1,1429.0416666666667,Saturn,268.2172162009678
1429,2,1429.125,Mercury,309.38259965519734
1429,2,1429.125,Venus,290.25474789963675
1429,2,1429.125,Mars,175.0892808666548
1429,2,1429.125,Jupiter,338.85282391578056
1429,2,1429.125,Saturn,270.93659354957396
1429,3,1429.2083333333333,Mercury,343.6783740942618
1429,3,1429.2083333333333,Venus,322.1828962203111
1429,3,1429.2083333333333,Mars,164.8115569272046
1429,3,1429.2083333333333,Jupiter,345.57059796673747
1429,3,1429.2083333333333,Saturn,272.3575579399943
1429,4,1429.2916666666667,Mercury,44.4643653941993
1429,4,1429.2916666666667,Venus,358.7136393920135
1429,4,1429.2916666666667,Mars,159.98649821229455
1429,4,1429.2916666666667,Jupiter,352.52709049756237
1429,4,1429.2916666666667,Saturn,272.4980924199341
1429,5,1429.375,Mercury,81.32259651781331
1429,5,1429.375,Venus,34.607553069638186
1429,5,1429.375,Mars,165.8580528836643
1429,5,1429.375,Jupiter,358.1870160743966
1429,5,1429.375,Saturn,271.2541205584076
1429,6,1429.4583333333333,Mercury,73.62723198078137
1429,6,1429.4583333333333,Venus,72.06073542755409
1429,6,1429.4583333333333,Mars,178.71546948724577
1429,6,1429.4583333333333,Jupiter,2.2082397866331025
1429,6,1429.4583333333333,Saturn,269.10780042730266
1429,7,1429.5416666666667,Mercury,116.10933420687739
1429,7,1429.5416666666667,Venus,108.68289341675558
1429,7,1429.5416666666667,Mars,194.92046924895183
1429,7,1429.5416666666667,Jupiter,3.5952032995550125
1429,7,1429.5416666666667,Saturn,267.11827099248785
1429,8,1429.625,Mercury,172.36753613965445
1429,8,1429.625,Venus,146.94718648709411
1429,8,1429.625,Mars,214.17329201527832
1429,8,1429.625,Jupiter,2.019138574530497
1429,8,1429.625,Saturn,266.0653768358424
1429,9,1429.7083333333333,Mercury,201.1672196037118
1429,9,1429.7083333333333,Venus,185.54096328030786
1429,9,1429.7083333333333,Mars,235.29585295940151
1429,9,1429.7083333333333,Jupiter,358.23069340145366
1429,9,1429.7083333333333,Saturn,266.50093625494986
1429,10,1429.7916666666667,Mercury,192.73755791464708
1429,10,1429.7916666666667,Venus,223.03138128124246
1429,10,1429.7916666666667,Mars,257.11402377029043
1429,10,1429.7916666666667,Jupiter,354.77300859599137
1429,10,1429.7916666666667,Saturn,268.30949098954824
1429,11,1429.875,Mercury,240.7379258268231
1429,11,1429.875,Venus,261.779859452724
1429,11,1429.875,Mars,280.7056576033535
1429,11,1429.875,Jupiter,353.7164673780507
1429,11,1429.875,Saturn,271.26043308221614
1429,12,1429.9583333333333,Mercury,288.103508653267
1429,12,1429.9583333333333,Venus,299.1731332650031
1429,12,1429.9583333333333,Mars,304.1502780823423
1429,12,1429.9583333333333,Jupiter,355.74964659708104
1429,12,1429.9583333333333,Saturn,274.6861570756923
1430,1,1430.0416666666667,Mercury,293.6610004051496
1430,1,1430.0416666666667,Venus,337.43930080120157
1430,1,1430.0416666666667,Mars,328.56130237156714
1430,1,1430.0416666666667,Jupiter,0.4226932641499971
1430,1,1430.0416666666667,Saturn,278.2643372731352
1430,2,1430.125,Mercury,310.9603493737141
1430,2,1430.125,Venus,14.77822354710181
1430,2,1430.125,Mars,352.73348626256774
1430,2,1430.125,Jupiter,6.791381874261249
1430,2,1430.125,Saturn,281.32016864712386
1430,3,1430.2083333333333,Mercury,357.36370021451785
1430,3,1430.2083333333333,Venus,46.92800421802874
1430,3,1430.2083333333333,Mars,14.083681932650467
1430,3,1430.2083333333333,Jupiter,13.306058165152251
1430,3,1430.2083333333333,Saturn,283.1952927597645
1430,4,1430.2916666666667,Mercury,54.33003082634869
1430,4,1430.2916666666667,Venus,78.9988954622323
1430,4,1430.2916666666667,Mars,37.00472611631979
1430,4,1430.2916666666667,Jupiter,20.731955013939913
1430,4,1430.2916666666667,Saturn,283.9271687745506
1430,5,1430.375,Mercury,54.713722272839775
1430,5,1430.375,Venus,101.39474161635508
1430,5,1430.375,Mars,58.40767639699392
1430,5,1430.375,Jupiter,27.585228557387065
1430,5,1430.375,Saturn,283.1874877932672
1430,6,1430.4583333333333,Mercury,73.18985488490688
1430,6,1430.4583333333333,Venus,99.94595429193265
1430,6,1430.4583333333333,Mars,79.74554894708099
1430,6,1430.4583333333333,Jupiter,33.72871353005182
1430,6,1430.4583333333333,Saturn,281.2779707263136
1430,7,1430.5416666666667,Mercury,132.8744865333261
1430,7,1430.5416666666667,Venus,88.79019297186811
1430,7,1430.5416666666667,Mars,99.71289050747767
1430,7,1430.5416666666667,Jupiter,38.10301763233481
1430,7,1430.5416666666667,Saturn,279.1280129648158
1430,8,1430.625,Mercury,177.61477437095624
1430,8,1430.625,Venus,105.48638719339563
1430,8,1430.625,Mars,119.71762747878255
1430,8,1430.625,Jupiter,40.201018075886026
1430,8,1430.625,Saturn,277.5931937977363
1430,9,1430.7083333333333,Mercury,171.33181555403513
1430,9,1430.7083333333333,Venus,135.4687633888471
1430,9,1430.7083333333333,Mars,139.11758079407846
1430,9,1430.7083333333333,Jupiter,39.22627192077126
1430,9,1430.7083333333333,Saturn,277.44067594579116
1430,10,1430.7916666666667,Mercury,202.63477806035348
1430,10,1430.7916666666667,Venus,169.28307166745589
1430,10,1430.7916666666667,Mars,157.25830901309473
1430,10,1430.7916666666667,Jupiter,35.80676112230677
1430,10,1430.7916666666667,Saturn,278.754033527283
1430,11,1430.875,Mercury,251.96054286877498
1430,11,1430.875,Venus,206.51935860901287
1430,11,1430.875,Mars,175.1264705030852
1430,11,1430.875,Jupiter,31.91241551341134
1430,11,1430.875,Saturn,281.36294658110097
1430,12,1430.9583333333333,Mercury,289.9314068496746
1430,12,1430.9583333333333,Venus,243.5534472090206
1430,12,1430.9583333333333,Mars,191.08167645409733
1430,12,1430.9583333333333,Jupiter,30.25091185311026
1430,12,1430.9583333333333,Saturn,284.65233823784615
